kode,judul,deskripsi,kategori,sumber_url
10111,Kegiatan Rumah Potong Hewan Ruminansia,"Kelompok ini mencakup kegiatan rumah potong hewan ruminansia, seperti sapi, kerbau, kambing, dan domba. Kegiatan rumah potong yang dimaksud mencakup kegiatan pemotongan, pengulitan, pembersihan, dan pengepakan daging, termasuk kegiatan pengurusan hasil sampingan, seperti produksi kulit dan jangat dari tempat pemotongan hewan dan peternakan/fellmongery, penjemuran tulang, pengolahan sisaan atau kotoran hewan, penyortiran wol, dan pembersihan lemak. Pemotongan hewan ruminansia yang dilakukan oleh pedagang dim asukkan dalam golongan 462 dan 472.",C,"https://www.bps.go.id (Katalog BPS 1302017, ISBN 978-602-438-530-9, Peraturan BPS No. 7 Tahun 2025 - Klasifikasi Baku Lapangan Usaha Indonesia (KBLI) 2025)"
10112,Kegiatan Rumah Potong Babi,"Kelompok ini mencakup kegiatan rumah potong babi, termasuk babi hutan, yang mencakup kegiatan pemotongan, pengulitan, pembersihan, dan pengepakan daging. Kelompok ini juga mencakup kegiatan pengurusan hasil sampingan, seperti produksi kulit dan jangat dari tempat pemotongan hewan dan peternakan/ fellmongery, penjemuran tulang, pengolahan sisaan atau kotoran hewan, dan pembersihan lemak. Pemotongan babi yang dilakukan oleh pedagang dimasukkan dalam golongan 462 dan 472.",C,"https://www.bps.go.id (Katalog BPS 1302017, ISBN 978-602-438-530-9, Peraturan BPS No. 7 Tahun 2025 - Klasifikasi Baku Lapangan Usaha Indonesia (KBLI) 2025)"
10113,Kegiatan Rumah Potong Unggas,"Kelompok ini mencakup kegiatan rumah potong unggas, yang mencakup kegiatan pemotongan, pengulitan, pembersihan, dan pengepakan daging, termasuk kegiatan pengurusan hasil sampingan, seperti pemrosesan sisa atau kotoran unggas, pementangan kulit, penyortiran bulu, dan pembersihan lemak. Pemotongan unggas yang dilakukan oleh pedagang dimasukkan dalam golongan 462 dan 472.",C,"https://www.bps.go.id (Katalog BPS 1302017, ISBN 978-602-438-530-9, Peraturan BPS No. 7 Tahun 2025 - Klasifikasi Baku Lapangan Usaha Indonesia (KBLI) 2025)"
10119,Kegiatan Rumah Potong Hewan Lainnya,"Kelompok ini mencakup kegiatan rumah potong hewan selain babi, hewan ruminansia, dan unggas, misalnya unta, kelinci, dan paus. Kegiatan rumah potong yang dimaksud mencakup kegiatan pemotongan, pengulitan, pembersihan, dan pengepakan daging. Kegiatan ini juga mencakup kegiatan pengurusan hasil sampingan, seperti produksi kulit dan jangat dari tempat pemotongan hewan dan peternakan/fellmongery, penjemuran tulang, pengolahan sisaan atau kotoran hewan, dan pembersihan lemak. Pemotongan hewan yang dilakukan oleh pedagang dimasukkan dalam golongan 462 dan 472.",C,"https://www.bps.go.id (Katalog BPS 1302017, ISBN 978-602-438-530-9, Peraturan BPS No. 7 Tahun 2025 - Klasifikasi Baku Lapangan Usaha Indonesia (KBLI) 2025)"
10120,Pengolahan dan Pengawetan Daging dan Produk Daging,"Kelompok ini mencakup - kegiatan pengolahan dan pengawetan daging produk daging dengan cara pengalengan, pengasapan, penggaraman, pembekuan, pemanisan, pengiradiasian (dengan iradiator), dan sebagainya; - produksi daging beku dalam bentuk karkas; - produksi daging beku dalam bentuk daging potong; - produksi daging beku dalam porsi tersendiri; - produksi daging kering, daging asin, atau daging asap; - produksi produk -produk daging, seperti sosis, salami, puding, ""andouilettes"", saveloy, bologna, pates, rillettes, bakso daging, dan daging ham; - kegiatan pengolahan daging paus di darat atau di kapal khusus. Kelompok ini tidak mencakup - pembuatan makanan siap saji dari daging dan unggas, lihat kelompok 10750; - pembuatan sup mengandung daging, lihat kelompok 10799.",C,"https://www.bps.go.id (Katalog BPS 1302017, ISBN 978-602-438-530-9, Peraturan BPS No. 7 Tahun 2025 - Klasifikasi Baku Lapangan Usaha Indonesia (KBLI) 2025)"
10211,Pengolahan dan Pengawetan Ikan dengan Penggaraman atau Pengeringan,"Kelompok ini mencakup kegiatan pengolahan dan pengawetan ikan bersirip melalui proses penggaraman atau pengeringan yang menghasilkan produk seperti ikan tembang asin, ikan teri asin, dan ikan kering tawar. Kelompok ini juga mencakup kegiatan pengolahan dan pengawetan telur ikan salmon/roes, kaviar, dan pengganti kaviar.",C,"https://www.bps.go.id (Katalog BPS 1302017, ISBN 978-602-438-530-9, Peraturan BPS No. 7 Tahun 2025 - Klasifikasi Baku Lapangan Usaha Indonesia (KBLI) 2025)"
10212,Pengolahan dan Pengawetan Ikan dengan Pengasapan atau Pemanggangan,"Kelompok ini mencakup kegiatan pengolahan dan pengawetan ikan bersirip melalui proses pengasapan atau pemanggangan yang menghasilkan produk seperti ikan bandeng asap, ikan julung -julung/roa asap, ikan fufu/asar asap, ikan lele asap, dan ikan patin asap.",C,"https://www.bps.go.id (Katalog BPS 1302017, ISBN 978-602-438-530-9, Peraturan BPS No. 7 Tahun 2025 - Klasifikasi Baku Lapangan Usaha Indonesia (KBLI) 2025)"
10213,Pengolahan dan Pengawetan Ikan dengan Pembekuan,"Kelompok ini mencakup kegiatan pengawetan ikan bersirip melalui proses pembekuan yang menghasilkan produk seperti ikan bandeng beku, ikan tuna beku, ikan cakalang beku, dan kakap beku. Pembekuan yang dimaksud dapat dilakukan untuk ikan utuh maupun ikan yan g dipotong, misalnya berupa filet, loin, saku, steik, chunk, dan brown meat. Kelompok ini tidak mencakup kegiatan jasa pendinginan ikan dengan es yang bertujuan untuk mempertahankan kesegaran ikan tersebut, lihat kelompok 03300.",C,"https://www.bps.go.id (Katalog BPS 1302017, ISBN 978-602-438-530-9, Peraturan BPS No. 7 Tahun 2025 - Klasifikasi Baku Lapangan Usaha Indonesia (KBLI) 2025)"
10214,Pengolahan dan Pengawetan Ikan dengan Pemindangan,"Kelompok ini mencakup kegiatan pengolahan dan pengawetan ikan bersirip melalui proses pemindangan yang menghasilkan produk seperti pindang bandeng/paso, pindang tongkol, pindang cue, pindang naya, pindang lemuru/tembang, pindang layang, dan pindang cakalang.",C,"https://www.bps.go.id (Katalog BPS 1302017, ISBN 978-602-438-530-9, Peraturan BPS No. 7 Tahun 2025 - Klasifikasi Baku Lapangan Usaha Indonesia (KBLI) 2025)"
10215,Pengolahan dan Pengawetan Ikan dengan Fermentasi,"Kelompok ini mencakup kegiatan pengolahan dan pengawetan ikan bersirip melalui proses fermentasi, seperti fermentasi untuk ikan peda dan ikan kayu, serta pembuatan kecap ikan dan terasi ikan.",C,"https://www.bps.go.id (Katalog BPS 1302017, ISBN 978-602-438-530-9, Peraturan BPS No. 7 Tahun 2025 - Klasifikasi Baku Lapangan Usaha Indonesia (KBLI) 2025)"
10216,Pengolahan dan Pengawetan Ikan dengan Pelumatan,Kelompok ini mencakup kegiatan pengolahan dan pengawetan ikan bersirip melalui proses pelumatan daging ikan/penggilingan untuk menghasilkan daging lumatan atau surimi.,C,"https://www.bps.go.id (Katalog BPS 1302017, ISBN 978-602-438-530-9, Peraturan BPS No. 7 Tahun 2025 - Klasifikasi Baku Lapangan Usaha Indonesia (KBLI) 2025)"
10217,Pengolahan dan Pengawetan Ikan dengan Pengalengan,"Kelompok ini mencakup kegiatan pengolahan dan pengawetan ikan melalui proses pengemasan kedap udara/airtight atau pengalengan yang disertai proses retort atau pasteurisasi yang menghasilkan produk seperti sarden dalam kaleng, lemuru dalam kaleng, makerel dalam kaleng, dan tuna dalam kaleng. Kegiatan kapal pengolah ikan yang hanya melakukan pengolahan dan pengawetan ikan dalam kaleng (tanpa melakukan kegiatan penangkapan) termasuk dalam kelompok ini.",C,"https://www.bps.go.id (Katalog BPS 1302017, ISBN 978-602-438-530-9, Peraturan BPS No. 7 Tahun 2025 - Klasifikasi Baku Lapangan Usaha Indonesia (KBLI) 2025)"
10218,Pengolahan dan Pengawetan Ikan Menjadi Produk Olahan,"Kelompok ini mencakup kegiatan pengolahan dan pengawetan ikan berbasis lumatan atau surimi menjadi produk olahan lanjutan, seperti bakso, nuget, otak -otak, kamaboko, sosis, pempek, siomai, dimsum, cikuwa, dan stik kepiting imitasi.",C,"https://www.bps.go.id (Katalog BPS 1302017, ISBN 978-602-438-530-9, Peraturan BPS No. 7 Tahun 2025 - Klasifikasi Baku Lapangan Usaha Indonesia (KBLI) 2025)"
10219,Pengolahan dan Pengawetan Ikan dengan Metode Lainnya,"Kelompok ini mencakup kegiatan pengolahan dan pengawetan ikan bersirip dengan cara lainnya yang belum dicakup dalam kelompok 10211 s.d. 10218, seperti - kegiatan kapal yang digunakan hanya untuk pengolahan dan pengawetan ikan; - produksi tepung ikan, baik untuk konsumsi manusia maupun makanan hewan; - produksi tepung dan tepung terlarut yang berasal dari ikan yang tidak dapat dikonsumsi manusia; - pembuatan konsentrat tepung ikan; - pemotongan ikan menjadi filet, loin, saku, steik, dan chunk yang tidak disertai proses pembekuan; - pengolahan dan pengawetan ikan menggunakan radiasi (dengan iradiator). Kelompok ini tidak mencakup kegiatan pemotongan ikan menjadi filet, loin, saku, steik, dan chunk yang disertai proses pembekuan, lihat kelompok 10213.",C,"https://www.bps.go.id (Katalog BPS 1302017, ISBN 978-602-438-530-9, Peraturan BPS No. 7 Tahun 2025 - Klasifikasi Baku Lapangan Usaha Indonesia (KBLI) 2025)"
10291,Pengolahan dan Pengawetan Biota Air Lainnya dengan Penggaraman atau Pengeringan,"Kelompok ini mencakup kegiatan pengolahan dan pengawetan krustasea, moluska, ekinodermata, dan biota air lainnya melalui proses penggaraman atau pengeringan yang menghasilkan produk seperti udang asin, cumi-cumi asin, ebi, ubur -ubur asin, sotong asin, teri pang kering, dan sotong kering.",C,"https://www.bps.go.id (Katalog BPS 1302017, ISBN 978-602-438-530-9, Peraturan BPS No. 7 Tahun 2025 - Klasifikasi Baku Lapangan Usaha Indonesia (KBLI) 2025)"
10292,Pengolahan dan Pengawetan Biota Air Lainnya dengan Pengasapan atau Pemanggangan,"Kelompok ini mencakup kegiatan pengolahan dan pengawetan krustasea, moluska, ekinodermata, dan biota perairan lainnya melalui proses pengasapan atau pemanggangan yang menghasilkan produk seperti sotong asap/panggang dan teripang asap/panggang.",C,"https://www.bps.go.id (Katalog BPS 1302017, ISBN 978-602-438-530-9, Peraturan BPS No. 7 Tahun 2025 - Klasifikasi Baku Lapangan Usaha Indonesia (KBLI) 2025)"
10293,Pengolahan dan Pengawetan Biota Air Lainnya dengan Pembekuan,"Kelompok ini mencakup kegiatan pengawetan krustasea, moluska, ekinodermata, dan biota perairan lainnya melalui proses pembekuan yang menghasilkan produk seperti udang beku, paha kodok beku, cephalopoda (cumi/sotong/gurita) beku, kepiting/rajungan beku, dan kerang beku. Kegiatan ini tidak mencakup kegiatan jasa pendinginan krustasea, moluska, dan biota air lainnya dengan es yang bertujuan untuk mempertahankan kesegarannya, lihat kelompok 03300.",C,"https://www.bps.go.id (Katalog BPS 1302017, ISBN 978-602-438-530-9, Peraturan BPS No. 7 Tahun 2025 - Klasifikasi Baku Lapangan Usaha Indonesia (KBLI) 2025)"
10294,Pengolahan dan Pengawetan Biota Air Lainnya dengan Pemindangan,"Kelompok ini mencakup kegiatan pengolahan dan pengawetan krustasea, moluska, ekinodermata, dan biota perairan lainnya melalui proses pemindangan.",C,"https://www.bps.go.id (Katalog BPS 1302017, ISBN 978-602-438-530-9, Peraturan BPS No. 7 Tahun 2025 - Klasifikasi Baku Lapangan Usaha Indonesia (KBLI) 2025)"
10295,Pengolahan dan Pengawetan Biota Air Lainnya dengan Fermentasi,"Kelompok ini mencakup kegiatan pengolahan dan pengawetan krustasea, moluska, ekinodermata, dan biota perairan lainnya melalui proses fermentasi yang menghasilkan produk seperti terasi udang.",C,"https://www.bps.go.id (Katalog BPS 1302017, ISBN 978-602-438-530-9, Peraturan BPS No. 7 Tahun 2025 - Klasifikasi Baku Lapangan Usaha Indonesia (KBLI) 2025)"
10296,Pengolahan dan Pengawetan Biota Air Lainnya dengan Pelumatan,"Kelompok ini mencakup kegiatan pengolahan dan pengawetan krustasea, moluska, ekinodermata, dan biota air lainnya melalui proses pelumatan/penggilingan daging yang menghasilkan produk seperti lumatan cumi, lumatan udang, bakso udang, bakso cumi, bakso kepiting, dan kaki naga udang.",C,"https://www.bps.go.id (Katalog BPS 1302017, ISBN 978-602-438-530-9, Peraturan BPS No. 7 Tahun 2025 - Klasifikasi Baku Lapangan Usaha Indonesia (KBLI) 2025)"
10297,Pengolahan dan Pengawetan Biota Air Lainnya dengan Pengalengan,"Kelompok ini mencakup kegiatan pengolahan dan pengawetan krustasea, moluska, ekinodermata, biota air lainnya melalui proses pengemasan kedap udara/airtight atau pengalengan yang disertai proses retort atau pasteurisasi yang menghasilkan produk seperti udang dalam kaleng, kerang dalam kaleng, cumi atau sotong dalam kaleng, dan kepiting atau rajungan dalam kaleng. Kegiatan kapal pengolah yang hanya melakukan pengolahan dan pengawetan biota air dalam kalen g (tanpa melakukan kegiatan penangkapan) termasuk dalam kelompok ini.",C,"https://www.bps.go.id (Katalog BPS 1302017, ISBN 978-602-438-530-9, Peraturan BPS No. 7 Tahun 2025 - Klasifikasi Baku Lapangan Usaha Indonesia (KBLI) 2025)"
10298,Pengolahan dan Pengawetan Rumput Laut,"Kelompok ini mencakup kegiatan pengolahan rumput laut, misalnya pengeringan rumput laut menjadi rumput laut kering. Kelompok ini tidak mencakup kegiatan pembuatan agar-agar, lihat kelompok 10798.",C,"https://www.bps.go.id (Katalog BPS 1302017, ISBN 978-602-438-530-9, Peraturan BPS No. 7 Tahun 2025 - Klasifikasi Baku Lapangan Usaha Indonesia (KBLI) 2025)"
10299,Pengolahan dan Pengawetan Biota Air Lainnya dengan Metode Lainnya,"Kelompok ini mencakup kegiatan pengolahan dan pengawetan krustasea, moluska, ekinodermata, dan biota perairan lainnya dengan cara selain yang tercakup dalam kelompok 10291 s.d. 10298, seperti pembuatan tepung udang, tepung kerang, dan tepung kodok. Kelompo k ini juga mencakup pengolahan dan pengawetan untuk biota air lainnya dengan radiasi (menggunakan iradiator).",C,"https://www.bps.go.id (Katalog BPS 1302017, ISBN 978-602-438-530-9, Peraturan BPS No. 7 Tahun 2025 - Klasifikasi Baku Lapangan Usaha Indonesia (KBLI) 2025)"
10301,Pengasinan Buah-buahan dan Sayuran,"Kelompok ini mencakup kegiatan pengawetan buah-buahan dan sayuran dengan proses pengasinan, baik dalam bentuk kemasan maupun tidak, yang menghasilkan produk seperti asinan kedondong dan asinan wortel. Kelompok ini tidak mencakup kegiatan pengawetan buah -buahan dan sayuran dalam gula (lihat kelompok 10733).",C,"https://www.bps.go.id (Katalog BPS 1302017, ISBN 978-602-438-530-9, Peraturan BPS No. 7 Tahun 2025 - Klasifikasi Baku Lapangan Usaha Indonesia (KBLI) 2025)"
10302,Pelumatan Buah-buahan dan Sayuran,"Kelompok ini mencakup kegiatan pengawetan buah-buahan dan sayuran dengan proses pelumatan, baik dalam bentuk kemasan maupun tidak, yang menghasilkan produk seperti selai mangga, marmelade (selai jeruk), jeli murbei, pure dari buah -buahan dan sayuran, pasta kacang- kacangan, dan cabai giling.",C,"https://www.bps.go.id (Katalog BPS 1302017, ISBN 978-602-438-530-9, Peraturan BPS No. 7 Tahun 2025 - Klasifikasi Baku Lapangan Usaha Indonesia (KBLI) 2025)"
10303,Pengeringan Buah-buahan dan Sayuran,"Kelompok ini mencakup kegiatan pengawetan buah-buahan dan sayuran dengan cara pengeringan, baik dalam bentuk kemasan maupun tidak, yang menghasilkan produk seperti kismis (anggur), bawang merah kering, bawang putih kering, cabai kering, rebung kering, tepu ng kentang, kentang tumbuk kering, dan jamur kering. Kelompok ini juga mencakup kegiatan pembuatan keripik dari buah -buahan dan sayuran, misalnya keripik kentang dan makanan ringan kentang; kegiatan pembuatan buah -buahan kering beku/ freeze-dried; dan kegia tan pengeringan umbi-umbian, seperti pengeringan ubi kayu dan porang.",C,"https://www.bps.go.id (Katalog BPS 1302017, ISBN 978-602-438-530-9, Peraturan BPS No. 7 Tahun 2025 - Klasifikasi Baku Lapangan Usaha Indonesia (KBLI) 2025)"
10304,Pembekuan Buah-buahan dan Sayuran,"Kelompok ini mencakup kegiatan pengawetan buah-buahan dan sayuran dengan proses pembekuan yang menghasilkan produk siap konsumsi maupun produk input untuk kegiatan produksi berikutnya, seperti mangga beku, stroberi beku, dan kentang beku. Kelompok ini juga mencakup kegiatan pembekuan untuk umbi -umbian, misalnya pembekuan ubi kayu dan porang.",C,"https://www.bps.go.id (Katalog BPS 1302017, ISBN 978-602-438-530-9, Peraturan BPS No. 7 Tahun 2025 - Klasifikasi Baku Lapangan Usaha Indonesia (KBLI) 2025)"
10305,Pengalengan Buah-buahan dan Sayuran,"Kelompok ini mencakup kegiatan pengolahan dan pengawetan buah - buahan dan sayuran melalui proses pengemasan kedap udara/ airtight atau pengalengan yang disertai proses retort atau pasteurisasi yang menghasilkan produk seperti nanas dalam kaleng, rambutan dalam kaleng, kacang dalam kaleng, jamur dalam kaleng, dan wortel dalam kaleng. Kegiatan pengalengan yang dimaksud bukan hanya mencakup kegiatan pengemasan, tetapi merupakan proses pengawetan.",C,"https://www.bps.go.id (Katalog BPS 1302017, ISBN 978-602-438-530-9, Peraturan BPS No. 7 Tahun 2025 - Klasifikasi Baku Lapangan Usaha Indonesia (KBLI) 2025)"
10306,Pengolahan Sari Buah-buahan dan Sayuran,"Kelompok ini mencakup kegiatan pengolahan dan pengawetan buah - buahan dan sayuran menjadi sari buah -buahan dan sayuran yang menghasilkan produk seperti jus buah -buahan dan sayuran, bubuk sari buah-buahan, konsentrat sari buah -buahan, konsentrat sari sayuran , serta nektar buah -buahan dan sayuran. Kelompok ini juga mencakup kegiatan pengolahan sari buah -buahan dan sayuran menjadi produk turunannya. Kelompok ini tidak mencakup - kegiatan pembuatan konsentrat buatan, lihat kelompok 10799; - kegiatan pembuatan minuman rasa buah, lihat kelompok 11053.",C,"https://www.bps.go.id (Katalog BPS 1302017, ISBN 978-602-438-530-9, Peraturan BPS No. 7 Tahun 2025 - Klasifikasi Baku Lapangan Usaha Indonesia (KBLI) 2025)"
10307,Pembuatan Tempe Kedelai,"Kelompok ini mencakup kegiatan pembuatan tempe dari kedelai. Kegiatan pembuatan tempe yang bahan bakunya bukan kedelai (misalnya kacang tanah atau kacang -kacangan lainnya), seperti tempe bongkrek, dimasukkan dalam kelompok 10309.",C,"https://www.bps.go.id (Katalog BPS 1302017, ISBN 978-602-438-530-9, Peraturan BPS No. 7 Tahun 2025 - Klasifikasi Baku Lapangan Usaha Indonesia (KBLI) 2025)"
10308,Pembuatan Tahu Kedelai,Kelompok ini mencakup kegiatan pembuatan tahu dari kedelai. Kegiatan pembuatan tahu yang bahan bakunya bukan kedelai (misalnya kacang tanah atau kacang -kacangan lainnya) dimasukkan dalam kelompok 10309.,C,"https://www.bps.go.id (Katalog BPS 1302017, ISBN 978-602-438-530-9, Peraturan BPS No. 7 Tahun 2025 - Klasifikasi Baku Lapangan Usaha Indonesia (KBLI) 2025)"
10309,Pengolahan dan Pengawetan Lainnya untuk Buah -buahan dan Sayuran,"Kelompok ini mencakup kegiatan pengawetan buah-buahan dan sayuran dengan cara selain yang dicakup dalam kelompok 10301 s.d. 10308, seperti: - pembuatan makanan yang utamanya terbuat dari buah-buahan atau sayuran, kecuali makanan siap saji yang dibekukan atau dikalengkan; - pembuatan makanan yang tidak tahan lama dari buah -buahan dan sayuran, misalnya pembuatan salad buah atau salad sayur; - pengolahan dan pengawetan kedelai dan kacang -kacangan selain tahu dan tempe seperti natto, yuba/kembang tahu, fu zhu , dan douchi, termasuk tempe gembus dan tempe bongkrek; - pemanggangan berbagai jenis kacang, seperti pemanggangan kacang kapri, kacang asin, kacang telur, kacang bogor, kacang atom, kacang mete, dan enting-enting. Kelompok ini tidak mencakup kegiatan pembuatan makanan olahan dari sayuran, lihat subgolongan 1075.",C,"https://www.bps.go.id (Katalog BPS 1302017, ISBN 978-602-438-530-9, Peraturan BPS No. 7 Tahun 2025 - Klasifikasi Baku Lapangan Usaha Indonesia (KBLI) 2025)"
10411,Industri Minyak Mentah dan Lemak Nabati bukan Kelapa dan Kelapa Sawit,"Kelompok ini mencakup kegiatan pengolahan bahan -bahan nabati menjadi minyak mentah ( crude oil ), seperti minyak zaitun, minyak kedelai, minyak kacang tanah, minyak biji bunga matahari, minyak biji kapas, minyak jarak, minyak moster, dan minyak biji rami yang masih perlu diolah lebih lanjut dan biasanya produk ini dipakai sebagai input dalam kegiatan lain.",C,"https://www.bps.go.id (Katalog BPS 1302017, ISBN 978-602-438-530-9, Peraturan BPS No. 7 Tahun 2025 - Klasifikasi Baku Lapangan Usaha Indonesia (KBLI) 2025)"
10412,Industri Margarin,Kelompok ini mencakup kegiatan pembuatan margarin dari minyak makan nabati.,C,"https://www.bps.go.id (Katalog BPS 1302017, ISBN 978-602-438-530-9, Peraturan BPS No. 7 Tahun 2025 - Klasifikasi Baku Lapangan Usaha Indonesia (KBLI) 2025)"
10413,Industri Minyak Mentah dan Lemak dari Hewan Selain Ikan,"Kelompok ini mencakup kegiatan pengolahan bahan-bahan hewani selain ikan menjadi minyak mentah dan lemak hewani yang tidak dapat dimakan, seperti tallow dan minyak dari mamalia laut. Kegiatan pembuatan minyak mentah dan lemak hewan yang dapat dimakan dimasukkan dalam subgolongan 1012.",C,"https://www.bps.go.id (Katalog BPS 1302017, ISBN 978-602-438-530-9, Peraturan BPS No. 7 Tahun 2025 - Klasifikasi Baku Lapangan Usaha Indonesia (KBLI) 2025)"
10414,Industri Minyak Ikan,"Kelompok ini mencakup kegiatan pembuatan minyak yang berbahan baku ikan yang berlemak tinggi, seperti lemuru, atau dari organ badan ikan seperti hati cucut. Kegiatan pengolahan minyak ikan/biota perairan lainnya yang digunakan untuk bahan farmasi atau kosm etik dimasukkan dalam subgolongan 2101 dan 2102.",C,"https://www.bps.go.id (Katalog BPS 1302017, ISBN 978-602-438-530-9, Peraturan BPS No. 7 Tahun 2025 - Klasifikasi Baku Lapangan Usaha Indonesia (KBLI) 2025)"
10415,Industri Minyak Goreng dan Minyak Makan bukan Minyak Kelapa dan Minyak Kelapa Sawit,"Kelompok ini mencakup kegiatan pembuatan minyak goreng dan minyak makan dari bahan selain minyak kelapa dan minyak kelapa sawit, seperti minyak wijen, minyak bekatul, minyak goreng babi, dan minyak goreng unggas.",C,"https://www.bps.go.id (Katalog BPS 1302017, ISBN 978-602-438-530-9, Peraturan BPS No. 7 Tahun 2025 - Klasifikasi Baku Lapangan Usaha Indonesia (KBLI) 2025)"
10419,Industri Minyak Mentah dan Lemak Nabati dan Hewani bukan Kelapa dan Kelapa Sawit Lainnya,"Kelompok ini mencakup usaha pengolahan lainnya untuk minyak dan lemak nabati dan hewani yang belum dicakup pada kelompok 10411 s.d. 10415, seperti pembuatan shortening (minyak roti) dari berbagai minyak nabati, termasuk kelapa dan kelapa sawit; produksi sisaan kapas (linter); serta bungkil atau ampas dan hasil sisaan lainnya dari produksi minyak dan penyulingan minyak dari ikan dan mamalia laut.",C,"https://www.bps.go.id (Katalog BPS 1302017, ISBN 978-602-438-530-9, Peraturan BPS No. 7 Tahun 2025 - Klasifikasi Baku Lapangan Usaha Indonesia (KBLI) 2025)"
10421,Industri Kopra,Kelompok ini mencakup kegiatan pembuatan kopra dari kelapa yang dijemur dan dikeringkan untuk digunakan dalam pembuatan minyak kelapa.,C,"https://www.bps.go.id (Katalog BPS 1302017, ISBN 978-602-438-530-9, Peraturan BPS No. 7 Tahun 2025 - Klasifikasi Baku Lapangan Usaha Indonesia (KBLI) 2025)"
10422,Industri Minyak Mentah Kelapa,"Kelompok ini mencakup kegiatan pengolahan kelapa menjadi minyak mentah ( crude oil ), termasuk produksi pelet kopra yang dihasilkan sebagai produk sampingan dari pembuatan minyak kelapa.",C,"https://www.bps.go.id (Katalog BPS 1302017, ISBN 978-602-438-530-9, Peraturan BPS No. 7 Tahun 2025 - Klasifikasi Baku Lapangan Usaha Indonesia (KBLI) 2025)"
10423,Industri Minyak Goreng Kelapa,"Kelompok ini mencakup kegiatan pengolahan lebih lanjut minyak mentah kelapa, misalnya pemurnian, pemucatan, dan penghilangan bau yang tidak dikehendaki, menjadi minyak goreng kelapa.",C,"https://www.bps.go.id (Katalog BPS 1302017, ISBN 978-602-438-530-9, Peraturan BPS No. 7 Tahun 2025 - Klasifikasi Baku Lapangan Usaha Indonesia (KBLI) 2025)"
10431,Industri Minyak Mentah Kelapa Sawit (crude Palm Oil),Kelompok ini mencakup kegiatan pengolahan daging buah kelapa sawit menjadi minyak mentah/ crude palm oil (CPO) yang masih perlu diolah lebih lanjut dan biasanya digunakan sebagai input dalam kegiatan lain.,C,"https://www.bps.go.id (Katalog BPS 1302017, ISBN 978-602-438-530-9, Peraturan BPS No. 7 Tahun 2025 - Klasifikasi Baku Lapangan Usaha Indonesia (KBLI) 2025)"
10432,Industri Minyak Mentah Inti Kelapa Sawit (crude Palm Kernel Oil),Kelompok ini mencakup kegiatan pengolahan biji kelapa sawit menjadi minyak mentah inti kelapa sawit/crude palm kernel oil (CPKO) yang masih perlu diolah lebih lanjut dan biasanya digunakan sebagai input dalam kegiatan lain.,C,"https://www.bps.go.id (Katalog BPS 1302017, ISBN 978-602-438-530-9, Peraturan BPS No. 7 Tahun 2025 - Klasifikasi Baku Lapangan Usaha Indonesia (KBLI) 2025)"
10433,Industri Pemisahan/fraksinasi Minyak Mentah Kelapa Sawit dan Minyak Mentah Inti Kelapa Sawit,Kelompok ini mencakup kegiatan pemisahan fraksi padat (stearin) dan fraksi cair (olein) dari minyak mentah kelapa sawit menjadi minyak mentah kelapa sawit olein/ crude palm olein dan minyak mentah kelapa sawit stearin/ crude palm stearin atau dari minyak mentah inti kelapa sawit menjadi minyak mentah inti kelapa sawit olein/ crude palm kernel olein dan minyak mentah inti kelapa sawit stearin/ crude palm kernel stearin yang masih perlu diolah lebih lanjut.,C,"https://www.bps.go.id (Katalog BPS 1302017, ISBN 978-602-438-530-9, Peraturan BPS No. 7 Tahun 2025 - Klasifikasi Baku Lapangan Usaha Indonesia (KBLI) 2025)"
10434,Industri Pemurnian Minyak Mentah Kelapa Sawit dan Minyak Mentah Inti Kelapa Sawit,Kelompok ini mencakup kegiatan pemurnian minyak mentah dari kelapa sawit menjadi minyak murni kelapa sawit/ refined bleached deodorized palm oil atau dari minyak inti kelapa sawit menjadi minyak murni inti kelapa sawit/ refined bleached deodorized palm kernel oil yang masih perlu diolah lebih lanjut.,C,"https://www.bps.go.id (Katalog BPS 1302017, ISBN 978-602-438-530-9, Peraturan BPS No. 7 Tahun 2025 - Klasifikasi Baku Lapangan Usaha Indonesia (KBLI) 2025)"
10435,Industri Pemisahan/fraksinasi Minyak Murni Kelapa Sawit,Kelompok ini mencakup kegiatan pemisahan fraksi padat (stearin) dan fraksi cair (olein) dari minyak murni kelapa sawit menjadi minyak murni kelapa sawit olein/ refined bleached deodorized palm olein dan minyak murni kelapa sawit stearin/refined bleached deodorized palm stearin.,C,"https://www.bps.go.id (Katalog BPS 1302017, ISBN 978-602-438-530-9, Peraturan BPS No. 7 Tahun 2025 - Klasifikasi Baku Lapangan Usaha Indonesia (KBLI) 2025)"
10436,Industri Pemisahan/fraksinasi Minyak Murni Inti Kelapa Sawit,Kelompok ini mencakup kegiatan pemisahan fraksi padat (stearin) dan fraksi cair (olein) dari minyak murni inti kelapa sawit menjadi minyak murni inti kelapa sawit olein/ refined bleached deodorized palm kernel olein dan miyak murni inti kelapa sawit stearin/ refined bleached deodorized palm kernel stearin.,C,"https://www.bps.go.id (Katalog BPS 1302017, ISBN 978-602-438-530-9, Peraturan BPS No. 7 Tahun 2025 - Klasifikasi Baku Lapangan Usaha Indonesia (KBLI) 2025)"
10437,Industri Minyak Goreng Kelapa Sawit,"Kelompok ini mencakup kegiatan pengolahan lebih lanjut, seperti pemurnian, pemucatan, dan penghilangan bau yang tidak dikehendaki, dari minyak mentah kelapa sawit (CPO) menjadi minyak goreng kelapa sawit yang siap dikonsumsi, termasuk pengolahan minyak mer ah kelapa sawit/red palm oil dan/atau aktivitas penambahan zat tertentu pada minyak goreng untuk meningkatkan kualitas/nilai tambah.",C,"https://www.bps.go.id (Katalog BPS 1302017, ISBN 978-602-438-530-9, Peraturan BPS No. 7 Tahun 2025 - Klasifikasi Baku Lapangan Usaha Indonesia (KBLI) 2025)"
10501,Industri Susu Segar dan Krim,"Kelompok ini mencakup kegiatan pengolahan susu cair segar, susu pasteurisasi, susu steril, susu homogen, dan susu ultra-high temperature (UHT) dan kegiatan pembuatan krim dari susu cair segar, susu pasteurisasi, susu steril, dan susu homogen dalam bentuk cair atau semicair.",C,"https://www.bps.go.id (Katalog BPS 1302017, ISBN 978-602-438-530-9, Peraturan BPS No. 7 Tahun 2025 - Klasifikasi Baku Lapangan Usaha Indonesia (KBLI) 2025)"
10502,Industri Susu Bubuk dan Susu Kental,"Kelompok ini mencakup kegiatan pengolahan susu bubuk, susu kental/krimer kental, serta susu evaporasi, baik dengan tambahan pemanis maupun tidak, dan pengolahan susu atau krim dalam bentuk padat.",C,"https://www.bps.go.id (Katalog BPS 1302017, ISBN 978-602-438-530-9, Peraturan BPS No. 7 Tahun 2025 - Klasifikasi Baku Lapangan Usaha Indonesia (KBLI) 2025)"
10503,Industri Es Krim,"Kelompok ini mencakup kegiatan berbagai macam es krim yang bahan utamanya dari susu, termasuk pembuatan pracampur/ premix es krim, baik yang berupa bubuk atau cairan. Kelompok ini tidak mencakup kegiatan pembuatan es yang bahan utamanya bukan dari susu, lihat kelompok 10504.",C,"https://www.bps.go.id (Katalog BPS 1302017, ISBN 978-602-438-530-9, Peraturan BPS No. 7 Tahun 2025 - Klasifikasi Baku Lapangan Usaha Indonesia (KBLI) 2025)"
10504,Industri Es yang Dapat Dimakan dan Es Pencuci Mulut,"Kelompok ini mencakup kegiatan berbagai macam es yang bahan utamanya bukan dari susu, seperti sorbet, es lilin, ice drop, es dengan berbagai rasa lainnya, es mambo, es puter, dan pracampur/ premix es berbagai rasa. Kelompok ini tidak mencakup - pembuatan es kering/dry ice, lihat kelompok 20112; - pembuatan es batu dan es balok, lihat kelompok 35302.",C,"https://www.bps.go.id (Katalog BPS 1302017, ISBN 978-602-438-530-9, Peraturan BPS No. 7 Tahun 2025 - Klasifikasi Baku Lapangan Usaha Indonesia (KBLI) 2025)"
10509,Industri Produk Susu Lainnya,"Kelompok ini mencakup kegiatan pengolahan produk susu lainnya, seperti mentega, yoghurt, keju dan dadih, air dadih, kasein atau laktosa (susu manis), susu fermentasi, wei/ whey, dan kefir susu. Kelompok ini juga mencakup kegiatan pemurnian dan penuaan keju. Kelompok ini tidak mencakup - pembuatan es krim yang bahan utamanya dari susu, lihat kelompok 10503; - pembuatan kefir buah dan kefir air, lihat subgolongan 1102).",C,"https://www.bps.go.id (Katalog BPS 1302017, ISBN 978-602-438-530-9, Peraturan BPS No. 7 Tahun 2025 - Klasifikasi Baku Lapangan Usaha Indonesia (KBLI) 2025)"
10611,Industri Produk Gilingan Gandum (selain Tepung Terigu) dan Serelia Selain Beras dan Jagung,"Kelompok ini mencakup kegiatan penggilingan gandum dan serelia lainnya, seperti sorgum, gandum hitam/rye, dan oat, menjadi tepung dan pelet.",C,"https://www.bps.go.id (Katalog BPS 1302017, ISBN 978-602-438-530-9, Peraturan BPS No. 7 Tahun 2025 - Klasifikasi Baku Lapangan Usaha Indonesia (KBLI) 2025)"
10612,Industri Produk Gilingan Aneka Kacang,"Kelompok ini mencakup usaha pembuatan tepung dari aneka kacang, termasuk tanaman legum, melalui proses penggilingan, seperti tepung kacang hijau, tepung kacang kedelai, tepung kacang tanah, dan tepung kacang merah.",C,"https://www.bps.go.id (Katalog BPS 1302017, ISBN 978-602-438-530-9, Peraturan BPS No. 7 Tahun 2025 - Klasifikasi Baku Lapangan Usaha Indonesia (KBLI) 2025)"
10613,"Industri Produk Gilingan Aneka Umbi, Tanaman Rimpang, dan Sayuran","Kelompok ini mencakup kegiatan pembuatan tepung dari aneka umbi, tanaman rimpang, dan sayuran melalui proses penggilingan, seperti tepung dari ubi kayu (gaplek), ubi jalar, talas, irut, jahe, temulawak, kunyit, kapulaga, dan sayuran.",C,"https://www.bps.go.id (Katalog BPS 1302017, ISBN 978-602-438-530-9, Peraturan BPS No. 7 Tahun 2025 - Klasifikasi Baku Lapangan Usaha Indonesia (KBLI) 2025)"
10614,Industri Tepung Campuran dan Adonan Tepung,"Kelompok ini mencakup kegiatan pembuatan tepung campuran dan adonan tepung yang sudah dicampur untuk roti, kue, biskuit, dan kue dadar, termasuk tepung untuk adonan, misalnya tepung untuk melapisi permukaan ikan atau daging ayam, tepung bumbu, tepung bakwa n, tepung bakso, pracampur/premix untuk makanan pencuci mulut berbasis serealia, serta pati dan tepung kustar tanpa telur.",C,"https://www.bps.go.id (Katalog BPS 1302017, ISBN 978-602-438-530-9, Peraturan BPS No. 7 Tahun 2025 - Klasifikasi Baku Lapangan Usaha Indonesia (KBLI) 2025)"
10615,Industri Makanan Sereal,"Kelompok ini mencakup kegiatan pembuatan makanan sereal, termasuk semua jenis produk sereal siap santap, instan, dan sereal panas, seperti rolled cereal, sereal granula, oatmeal instan, corn flakes, puffed grain, dan muesli, termasuk produk sereal dari kedelai dan produk sereal dari tepung serealia dengan menggunakan proses ekstrusi.",C,"https://www.bps.go.id (Katalog BPS 1302017, ISBN 978-602-438-530-9, Peraturan BPS No. 7 Tahun 2025 - Klasifikasi Baku Lapangan Usaha Indonesia (KBLI) 2025)"
10616,Industri Tepung Terigu,Kelompok ini mencakup kegiatan penggilingan gandum yang menghasilkan tepung terigu.,C,"https://www.bps.go.id (Katalog BPS 1302017, ISBN 978-602-438-530-9, Peraturan BPS No. 7 Tahun 2025 - Klasifikasi Baku Lapangan Usaha Indonesia (KBLI) 2025)"
10621,Industri Pati Ubi Kayu,"Kelompok ini mencakup kegiatan pembuatan pati dari ubi kayu, seperti tepung tapioka dan pati ubi kayu termodifikasi.",C,"https://www.bps.go.id (Katalog BPS 1302017, ISBN 978-602-438-530-9, Peraturan BPS No. 7 Tahun 2025 - Klasifikasi Baku Lapangan Usaha Indonesia (KBLI) 2025)"
10622,Industri Berbagai Macam Pati Palem,"Kelompok ini mencakup kegiatan pembuatan pati dari berbagai macam jenis tanaman palem, seperti pati sagu/pati mutiara dan pati aren, termasuk pati palem termodifikasi.",C,"https://www.bps.go.id (Katalog BPS 1302017, ISBN 978-602-438-530-9, Peraturan BPS No. 7 Tahun 2025 - Klasifikasi Baku Lapangan Usaha Indonesia (KBLI) 2025)"
10623,Industri Glukosa dan Sejenisnya,"Kelompok ini mencakup kegiatan pembuatan glukosa dan gula sejenisnya selain dari beras dan jagung, seperti fruktosa, maltosa, dan sakarosa, termasuk di dalamnya sirop glukosa dan sejenisnya. Kelompok ini tidak mencakup - pembuatan gula dari tebu atau bit, lihat kelompok 10721; - kegiatan pembuatan laktosa/gula susu, lihat kelompok 10509.",C,"https://www.bps.go.id (Katalog BPS 1302017, ISBN 978-602-438-530-9, Peraturan BPS No. 7 Tahun 2025 - Klasifikasi Baku Lapangan Usaha Indonesia (KBLI) 2025)"
10629,Industri Pati dan Produk Pati Lainnya,"Kelompok ini mencakup kegiatan pembuatan berbagai macam pati melalui proses ekstraksi yang belum termasuk dalam kelompok 10621 s.d. 10623, seperti pati kentang, pati bengkuang, pati temulawak, pati irut, pati biji mangga, dan pati termodifikasi. Kelompok ini juga mencakup kegiatan pembuatan inulin dan gluten.",C,"https://www.bps.go.id (Katalog BPS 1302017, ISBN 978-602-438-530-9, Peraturan BPS No. 7 Tahun 2025 - Klasifikasi Baku Lapangan Usaha Indonesia (KBLI) 2025)"
10631,Industri Penggilingan Padi dan Penyosohan Beras,"Kelompok ini mencakup kegiatan penggilingan padi menjadi beras, termasuk kegiatan penyosohan beras.",C,"https://www.bps.go.id (Katalog BPS 1302017, ISBN 978-602-438-530-9, Peraturan BPS No. 7 Tahun 2025 - Klasifikasi Baku Lapangan Usaha Indonesia (KBLI) 2025)"
10632,Industri Pemipilan Jagung,Kelompok ini mencakup kegiatan pengolahan jagung basah menjadi jagung pipilan kering.,C,"https://www.bps.go.id (Katalog BPS 1302017, ISBN 978-602-438-530-9, Peraturan BPS No. 7 Tahun 2025 - Klasifikasi Baku Lapangan Usaha Indonesia (KBLI) 2025)"
10633,Industri Tepung Beras dan Tepung Jagung,"Kelompok ini mencakup kegiatan pembuatan tepung beras dan tepung jagung, termasuk corn grits.",C,"https://www.bps.go.id (Katalog BPS 1302017, ISBN 978-602-438-530-9, Peraturan BPS No. 7 Tahun 2025 - Klasifikasi Baku Lapangan Usaha Indonesia (KBLI) 2025)"
10634,Industri Pati Beras dan Jagung,"Kelompok ini mencakup kegiatan pembuatan pati beras dan pati jagung (maizena), termasuk pati beras dan jagung termodifikasi.",C,"https://www.bps.go.id (Katalog BPS 1302017, ISBN 978-602-438-530-9, Peraturan BPS No. 7 Tahun 2025 - Klasifikasi Baku Lapangan Usaha Indonesia (KBLI) 2025)"
10635,Industri Pemanis dari Beras dan Jagung,"Kelompok ini mencakup kegiatan pembuatan pemanis dari beras dan jagung, seperti fruktosa, glukosa, maltosa, sakarosa, dan dekstrosa.",C,"https://www.bps.go.id (Katalog BPS 1302017, ISBN 978-602-438-530-9, Peraturan BPS No. 7 Tahun 2025 - Klasifikasi Baku Lapangan Usaha Indonesia (KBLI) 2025)"
10636,Industri Minyak dari Beras dan Jagung,Kelompok ini mencakup kegiatan pembuatan minyak dari beras dan jagung.,C,"https://www.bps.go.id (Katalog BPS 1302017, ISBN 978-602-438-530-9, Peraturan BPS No. 7 Tahun 2025 - Klasifikasi Baku Lapangan Usaha Indonesia (KBLI) 2025)"
10710,Industri Produk Bakeri,"Kelompok ini mencakup kegiatan pembuatan bakeri segar, beku, atau kering, seperti: - pembuatan roti tawar dan roti kadet; - pembuatan pastri, kue, pai, dan kue tar; - pembuatan roti panggang, biskuit, dan produk roti kering lainnya; - pembuatan produk pastri dan kue yang diawetkan; - pembuatan produk makanan ringan (kukis, kraker, pretzel, dsb.), baik yang manis maupun asin; - pembuatan tortila; - pembuatan produk roti yang dibekukan, seperti panekuk, wafel, dan roti kadet. Kelompok ini tidak mencakup - pembuatan tepung campuran dan adonan tepung untuk roti, biskuit, atau panekuk, lihat subgolongan 1061; - pembuatan pasta, lihat kelompok 10740; - pembuatan makanan ringan dari kentang, lihat subgolongan 1030; - pemanasan produk bakeri untuk konsumsi segera, lihat golongan pokok 56.",C,"https://www.bps.go.id (Katalog BPS 1302017, ISBN 978-602-438-530-9, Peraturan BPS No. 7 Tahun 2025 - Klasifikasi Baku Lapangan Usaha Indonesia (KBLI) 2025)"
10721,Industri Gula Pasir,"Kelompok ini mencakup kegiatan pembuatan gula yang berbentuk kristal (pasir) dengan bahan utama tebu, bit, atau bahan lainnya.",C,"https://www.bps.go.id (Katalog BPS 1302017, ISBN 978-602-438-530-9, Peraturan BPS No. 7 Tahun 2025 - Klasifikasi Baku Lapangan Usaha Indonesia (KBLI) 2025)"
10722,Industri Gula Merah,"Kelompok ini mencakup kegiatan pembuatan gula merah yang murni, baik berbentuk cetakan, serbuk/granul, maupun cair, dengan nira sebagai bahan baku, baik nira yang berasal dari tebu maupun tanaman palem (aren, kelapa dan sejenisnya).",C,"https://www.bps.go.id (Katalog BPS 1302017, ISBN 978-602-438-530-9, Peraturan BPS No. 7 Tahun 2025 - Klasifikasi Baku Lapangan Usaha Indonesia (KBLI) 2025)"
10723,Industri Sirop,"Kelompok ini mencakup kegiatan pengolahan gula menjadi sirop, seperti sirop gula serta sirop dan gula mapel. Kegiatan pembuatan sirop yang tergabung dengan pabrik gula dan tidak dapat dipisahkan tersendiri dimasukkan dalam kelompok 10721 atau 10722.",C,"https://www.bps.go.id (Katalog BPS 1302017, ISBN 978-602-438-530-9, Peraturan BPS No. 7 Tahun 2025 - Klasifikasi Baku Lapangan Usaha Indonesia (KBLI) 2025)"
10729,Industri Gula Lainnya,"Kelompok ini mencakup - pengolahan gula dan/atau pemanis ke dalam bentuk lain, seperti gula batu, gula cair, dan tepung gula; - pembuatan gula pengganti dari jus tebu, bit, mapel, stevia, dan tanaman palem, seperti kelapa dan aren; - pembuatan molases (harum manis), pugasan/ topping saus manis bukan buah, dan gula merah yang bahan baku utamanya bukan dari nira. 1073 INDUSTRI PENGOLAHAN KAKAO; INDUSTRI COKELAT DAN KEMBANG GULA Subgolongan ini mencakup - pembuatan bubuk kakao, mentega kakao, lemak kakao, dan minyak kakao; - pembuatan cokelat dan gula-gula dari cokelat; - pembuatan gula-gula, seperti caramel, cachous, nugat, fondan, dan cokelat putih; - pembuatan permen karet; - pengawetan buah, kacang, kulit buah, dan bagian lain dari tumbuhan dalam gula; - pembuatan permen obat batuk dan pastiles; - pembuatan permen tanpa menggunakan gula. Subgolongan ini tidak mencakup - pembuatan gula sukrosa, lihat subgolongan 1072.",C,"https://www.bps.go.id (Katalog BPS 1302017, ISBN 978-602-438-530-9, Peraturan BPS No. 7 Tahun 2025 - Klasifikasi Baku Lapangan Usaha Indonesia (KBLI) 2025)"
10731,Industri Pengolahan Kakao,"Kelompok ini mencakup kegiatan pengolahan biji kakao menjadi bubuk kakao, mentega kakao, lemak kakao, minyak kakao, pasta kakao, bungkil kakao, dan produk kakao lainnya.",C,"https://www.bps.go.id (Katalog BPS 1302017, ISBN 978-602-438-530-9, Peraturan BPS No. 7 Tahun 2025 - Klasifikasi Baku Lapangan Usaha Indonesia (KBLI) 2025)"
10732,Industri Cokelat dan Kembang Gula dari Cokelat,"Kelompok ini mencakup kegiatan pembuatan berbagai jenis cokelat, seperti cokelat kompon, cokelat couverture, cokelat imitasi, cokelat putih, serta pembuatan gula -gula dari cokelat, olesan, dan isian berbasis cokelat. Kelompok ini juga mencakup pembuatan minuman dari cokelat dalam bentuk bubuk maupun cair.",C,"https://www.bps.go.id (Katalog BPS 1302017, ISBN 978-602-438-530-9, Peraturan BPS No. 7 Tahun 2025 - Klasifikasi Baku Lapangan Usaha Indonesia (KBLI) 2025)"
10733,Industri Manisan Buah-buahan dan Sayuran Kering,"Kelompok ini mencakup kegiatan pengawetan buah, kacang, kulit buah, dan bagian lain dari tumbuhan dengan proses pemanisan dan pengeringan, baik dalam bentuk kemasan ataupun tidak, seperti manisan pala dan manisan mangga kering.",C,"https://www.bps.go.id (Katalog BPS 1302017, ISBN 978-602-438-530-9, Peraturan BPS No. 7 Tahun 2025 - Klasifikasi Baku Lapangan Usaha Indonesia (KBLI) 2025)"
10739,Industri Kembang Gula Lainnya,"Kelompok ini mencakup kegiatan pembuatan kembang gula lainnya yang tidak terbuat dari cokelat, seperti karamel, cachous, nugat, fondan, marsepen, permen karet, permen obat batuk, dan pastiles.",C,"https://www.bps.go.id (Katalog BPS 1302017, ISBN 978-602-438-530-9, Peraturan BPS No. 7 Tahun 2025 - Klasifikasi Baku Lapangan Usaha Indonesia (KBLI) 2025)"
10740,"Industri Makaroni, Mi, Couscous, dan Produk Sejenisnya","Kelompok ini mencakup - pembuatan pasta, seperti makaroni, mi, spageti, bihun, dan sohun, baik dimasak maupun tidak; - pembuatan semolina (couscous) dan nasi analog. Kelompok ini tidak mencakup - pembuatan makanan olahan berbahan dasar pasta atau couscous, lihat subgolongan 1075; - pembuatan sup yang mengandung pasta, lihat subgolongan 1079.",C,"https://www.bps.go.id (Katalog BPS 1302017, ISBN 978-602-438-530-9, Peraturan BPS No. 7 Tahun 2025 - Klasifikasi Baku Lapangan Usaha Indonesia (KBLI) 2025)"
10750,Industri Makanan dan Masakan Olahan,"Kelompok ini mencakup kegiatan pembuatan makanan siap saji (diolah, dibumbui dan dimasak). Makanan ini diolah diawetkan, misalnya disimpan dalam kaleng atau dibekukan, dan biasanya dikemas dan dilabeli untuk dijual kembali. Kelompok ini tidak mencakup pengolahan makanan untuk konsumsi segera, seperti di restoran atau katering. Untuk dapat dianggap sebagai masakan, makanan olahan ini harus mengandung sedikitnya dua bahan utama yang berbeda (selain bumbu). Kelompok ini mencakup - pembuatan masakan daging atau unggas; - pembuatan masakan ikan, seperti pepes, presto, dendeng ikan, baby fish goreng, udang tepung, ikan tepung, serta fish and chips; - pembuatan masakan yang mengandung pasta dan nasi; - pembuatan masakan sayur-sayuran; - pembuatan piza beku dan croquet-monsieur. Kelompok ini tidak mencakup - pembuatan makanan segar atau makanan dengan kurang dari dua macam bahan utama, lihat golongan pokok 10; - pembuatan makanan siap saji yang tidak tahan lama dari buah - buahan dan sayur-sayuran saja, lihat subgolongan 1030; - pembuatan sup, kaldu, dan makanan lainnya, lihat subgolongan 1079; - perdagangan eceran makanan siap saji, lihat subgolongan 4711 dan 4721; - perdagangan besar makanan olahan, lihat golongan 463; - kegiatan kontraktor jasa makanan, lihat subgolongan 5640.",C,"https://www.bps.go.id (Katalog BPS 1302017, ISBN 978-602-438-530-9, Peraturan BPS No. 7 Tahun 2025 - Klasifikasi Baku Lapangan Usaha Indonesia (KBLI) 2025)"
10761,Pengolahan Kopi,"Kelompok ini mencakup kegiatan, pengeringan, penyangraian, penggilingan dan penyarian (ekstraksi) kopi menjadi kopi sangrai, kopi bubuk, kopi instan, kopi dekafein, ekstrak dan sari kopi, serta produk kopi lainnya, termasuk pengganti kopi. Kelompok ini tidak mencakup kegiatan penggilingan kopi bubuk di tempat pedagang kopi, lihat kelompok 47222.",C,"https://www.bps.go.id (Katalog BPS 1302017, ISBN 978-602-438-530-9, Peraturan BPS No. 7 Tahun 2025 - Klasifikasi Baku Lapangan Usaha Indonesia (KBLI) 2025)"
10762,Pengolahan Teh,"Kelompok ini mencakup kegiatan pengolahan daun teh menjadi teh kering yang dikemas dalam kantong, bantalan, kapsul, atau kemasan lainnya, termasuk produk turunannya, kecuali minuman teh siap minum, termasuk kegiatan pencampuran teh dengan bahan alami seper ti mate, rempah, herbal, bunga kering, dan bunga kering. Kelompok ini juga mencakup kegiatan ekstraksi daun teh, seperti konsentrat ekstrak teh cair maupun bubuk.",C,"https://www.bps.go.id (Katalog BPS 1302017, ISBN 978-602-438-530-9, Peraturan BPS No. 7 Tahun 2025 - Klasifikasi Baku Lapangan Usaha Indonesia (KBLI) 2025)"
10771,Industri Kecap,"Kelompok ini mencakup kegiatan pembuatan kecap dari kedelai/kacang - kacangan lainnya, termasuk pembuatan taoco, baik dari kedelai/kacang- kacangan lainnya yang masih segar maupun dari hasil sisa pembuatan kecap. Kelompok ini tidak mencakup kegiatan pembuatan kecap ikan, lihat kelompok 10215.",C,"https://www.bps.go.id (Katalog BPS 1302017, ISBN 978-602-438-530-9, Peraturan BPS No. 7 Tahun 2025 - Klasifikasi Baku Lapangan Usaha Indonesia (KBLI) 2025)"
10772,Industri Garam Konsumsi Beryodium,Kelompok ini mencakup kegiatan pengolahan garam menjadi garam konsumsi beryodium.,C,"https://www.bps.go.id (Katalog BPS 1302017, ISBN 978-602-438-530-9, Peraturan BPS No. 7 Tahun 2025 - Klasifikasi Baku Lapangan Usaha Indonesia (KBLI) 2025)"
10773,Industri Garam Industri Aneka Pangan,"Kelompok ini mencakup kegiatan pengolahan garam menjadi garam industri berstandar pangan yang digunakan dalam proses pembuatan aneka makanan dan minuman. Kelompok ini tidak mencakup kegiatan pembuatan garam konsumsi beryodium, lihat kelompok 10772.",C,"https://www.bps.go.id (Katalog BPS 1302017, ISBN 978-602-438-530-9, Peraturan BPS No. 7 Tahun 2025 - Klasifikasi Baku Lapangan Usaha Indonesia (KBLI) 2025)"
10779,Industri Bumbu Masakan Lainnya,"Kelompok ini mencakup kegiatan pembuatan bumbu masakan, baik dalam keadaan sudah diramu maupun belum, baik berbentuk bubuk maupun lainnya, seperti bumbu gulai, bumbu kari, bubuk merica, bubuk jahe, bubuk jinten, bubuk pala, bubuk cabai, dan bubuk kayu mani s. Kelompok ini juga mencakup kegiatan pembuatan penyedap masakan, baik yang asli maupun sintetis kimia, seperti monosodium glutamat (MSG), serbuk vanili, serta pembuatan saus dan rempah-rempah, seperti mayones, tepung moster, moster olahan, saus tomat, sa us tiram, dan saus selada; dan pengganti garam yang digunakan sebagai bumbu pada produk pangan. Kelompok ini juga mencakup kegiatan pembuatan petis dan cuka makan. Kelompok ini tidak mencakup kegiatan pembuatan terasi udang, lihat kelompok 10295.",C,"https://www.bps.go.id (Katalog BPS 1302017, ISBN 978-602-438-530-9, Peraturan BPS No. 7 Tahun 2025 - Klasifikasi Baku Lapangan Usaha Indonesia (KBLI) 2025)"
10791,Industri Makanan Bayi dan Makanan Khusus,"Kelompok ini mencakup kegiatan pembuatan makanan bayi, makanan untuk keperluan diet, dan makanan untuk keperluan medis, termasuk di dalamnya formula bayi, susu lanjutan dan makanan lanjutan lainnya, makanan bayi dan makanan yang mengandung bahan yang dihomogenisasi, formula pertumbuhan, makanan pendamping ASI, makanan selingan untuk anak, minuman untuk ibu hamil dan menyusui, serta makanan untuk penderita penyakit tertentu.",C,"https://www.bps.go.id (Katalog BPS 1302017, ISBN 978-602-438-530-9, Peraturan BPS No. 7 Tahun 2025 - Klasifikasi Baku Lapangan Usaha Indonesia (KBLI) 2025)"
10792,Industri Kue Basah,"Kelompok ini mencakup kegiatan pembuatan macam-macam kue basah, yaitu sejenis kue yang relatif tidak tahan lama, seperti wajik, lemper, kue lapis, lumpia, dan martabak, termasuk pembuatan tape dan lempok.",C,"https://www.bps.go.id (Katalog BPS 1302017, ISBN 978-602-438-530-9, Peraturan BPS No. 7 Tahun 2025 - Klasifikasi Baku Lapangan Usaha Indonesia (KBLI) 2025)"
10793,Industri Produk Makanan dari Kelapa,"Kelompok ini mencakup kegiatan pembuatan produk makanan dari kelapa, seperti santan pekat dan santan cair, santan bubuk, kecap kelapa, sari kelapa (nata de coco), kelapa parut kering (desiccated coconut), krim kelapa, dan tepung kelapa.",C,"https://www.bps.go.id (Katalog BPS 1302017, ISBN 978-602-438-530-9, Peraturan BPS No. 7 Tahun 2025 - Klasifikasi Baku Lapangan Usaha Indonesia (KBLI) 2025)"
10794,"Industri Kerupuk, Keripik, Peyek, dan Sejenisnya","Kelompok ini mencakup kegiatan pembuatan berbagai macam kerupuk, keripik, peyek dan sejenisnya, seperti keripik dan peyek dari berbagai macam kacang -kacangan, kerupuk udang, kerupuk ikan, dan kerupuk pati (kerupuk terung), serta pembuatan berbagai macam ma kanan sejenis kerupuk, seperti macam -macam emping, kecimpring, karak, gendar, opak, keripik paru, keripik bekicot, keripik kulit, peyek teri, dan peyek udang.",C,"https://www.bps.go.id (Katalog BPS 1302017, ISBN 978-602-438-530-9, Peraturan BPS No. 7 Tahun 2025 - Klasifikasi Baku Lapangan Usaha Indonesia (KBLI) 2025)"
10795,Industri Sari Nabati dan Krimer Nabati,"Kelompok ini mencakup kegiatan pembuatan sari nabati dari berbagai jenis tanaman, misalnya sari kedelai, sari gandum/ oat milk , dan sari almon, mede maupun jenis kacang -kacangan lainnya, serta pembuatan krimer nabati dan emulsi lemak nabati yang berasal dari kelapa atau kelapa sawit yang digunakan sebagai campuran makanan atau minuman. Kelompok ini juga mencakup kegiatan pembuatan keju pengganti.",C,"https://www.bps.go.id (Katalog BPS 1302017, ISBN 978-602-438-530-9, Peraturan BPS No. 7 Tahun 2025 - Klasifikasi Baku Lapangan Usaha Indonesia (KBLI) 2025)"
10796,Industri Dodol,"Kelompok ini mencakup kegiatan pembuatan dodol yang terbuat dari bahan utama tepung beras atau tepung beras ketan, santan kelapa dan gula, dengan atau tanpa bahan tambahan lain yang dimasak hingga mencapai tekstur yang diinginkan. Kegiatan pembuatan lempok masuk ke dalam kelompok 10792.",C,"https://www.bps.go.id (Katalog BPS 1302017, ISBN 978-602-438-530-9, Peraturan BPS No. 7 Tahun 2025 - Klasifikasi Baku Lapangan Usaha Indonesia (KBLI) 2025)"
10797,Industri Infusi Herbal/herb Infusion,"Kelompok ini mencakup kegiatan pengolahan infusi herbal, seperti min, vervain, dan kamomil, termasuk pembuatan seduhan herbal bukan teh dan minuman penyegar.",C,"https://www.bps.go.id (Katalog BPS 1302017, ISBN 978-602-438-530-9, Peraturan BPS No. 7 Tahun 2025 - Klasifikasi Baku Lapangan Usaha Indonesia (KBLI) 2025)"
10798,Industri Bahan Makanan dari Rumput Laut,"Kelompok ini mencakup kegiatan pembuatan olahan makanan dari rumput laut, seperti agar-agar, karagenan, dan nori lembaran/nori sheet.",C,"https://www.bps.go.id (Katalog BPS 1302017, ISBN 978-602-438-530-9, Peraturan BPS No. 7 Tahun 2025 - Klasifikasi Baku Lapangan Usaha Indonesia (KBLI) 2025)"
10799,Industri Produk Makanan Lainnya Ytdl,"Kelompok ini mencakup kegiatan pembuatan produk makanan jadi lainnya yang tidak diklasifikasikan di tempat lain, sup dan kaldu; madu dan karamel tiruan; makanan yang tidak tahan lama seperti roti lapis/sandwich dan piza mentah; selongsong sosis dari kolagen, selulosa, usus hewan, dan lainnya; probiotik; ragi; ekstrak dan jus dari daging, ikan, krustasea, dan moluska; produk telur, misalnya telur asin, dan albumin telur; konsentrat buatan, misalnya esens; pangan protein produk seperti protein kedelai, protein nabati tert ekstur/texturized vegetable protein, dan protein nabati terhidrolisis/ hydrolised vegetable protein (HVP); bahan tambahan pangan yang berasal dari tanaman, hewan, atau mikroorganisme, seperti pektin; pemanis buatan, seperti stevia; dan produk makanan lainnya yang belum dicakup dalam golongan manapun, seperti cincau.",C,"https://www.bps.go.id (Katalog BPS 1302017, ISBN 978-602-438-530-9, Peraturan BPS No. 7 Tahun 2025 - Klasifikasi Baku Lapangan Usaha Indonesia (KBLI) 2025)"
10801,Industri Ransum Pakan Hewan,"Kelompok ini mencakup kegiatan pembuatan berbagai macam ransum pakan hewan, baik untuk hewan kesayangan maupun untuk hewan ternak.",C,"https://www.bps.go.id (Katalog BPS 1302017, ISBN 978-602-438-530-9, Peraturan BPS No. 7 Tahun 2025 - Klasifikasi Baku Lapangan Usaha Indonesia (KBLI) 2025)"
10802,Industri Konsentrat Pakan Hewan,"Kelompok ini mencakup usaha pembuatan konsentrat pakan hewan, baik hewan kesayangan maupun hewan ternak. Pengolahan konsentrat pakan",C,"https://www.bps.go.id (Katalog BPS 1302017, ISBN 978-602-438-530-9, Peraturan BPS No. 7 Tahun 2025 - Klasifikasi Baku Lapangan Usaha Indonesia (KBLI) 2025)"
11010,"Industri Penyulingan, Pemurnian, dan Pencampuran Minuman Beralkohol","Kelompok ini mencakup - kegiatan pembuatan minuman beralkohol hasil distilasi/penyulingan siap minum, baik secara modern maupun tradisional, misalnya wiski/whisky, brendi/ brandy, gin, vodka, tequila, arak, genever, soju, minuman keras/liqueurs, dan ""minuman campuran""; - pencampuran minuman beralkohol hasil distilasi atau proses pencampuran bahan baku minuman beralkohol untuk mencapai kadar etanol yang diinginkan; - produksi minuman beralkohol netral (tanpa rasa/flavor). Kelompok ini tidak mencakup - kegiatan pembuatan alkohol tanpa distilasi/penyulingan, lihat subgolongan 1102 dan 1103; - pembuatan etil alkohol sintetis, lihat subgolongan 2011; - pembuatan etil alkohol dari bahan yang difermentasi, lihat subgolongan 2011; - pengemasan dalam botol dan pelabelan, lihat subgolongan 4633 (jika pengemasan dilakukan sebagai bagian dari kegiatan perdagangan besar) atau subgolongan 8292 (jika pengemasan dilakukan atas dasar balas jasa atau kontrak).",C,"https://www.bps.go.id (Katalog BPS 1302017, ISBN 978-602-438-530-9, Peraturan BPS No. 7 Tahun 2025 - Klasifikasi Baku Lapangan Usaha Indonesia (KBLI) 2025)"
11020,Industri Minuman Beralkohol Hasil Fermentasi Anggur dan Hasil Pertanian Lainnya,"Kelompok ini mencakup - pembuatan wine (baik dari anggur ataupun buah selain anggur), seperti grape wine, still grape wine , sparkling wine, mead, anggur buah, anggur beras, anggur beras ketan, anggur brem bali, anggur sayur, tuak, anggur tonikum, sake; - pembuatan wine bersoda/sparkling wine; - pembuatan wine dari sari buah anggur yang terkonsentrasi; - pembuatan minuman beralkohol dari hasil fermentasi yang tidak didistilasi, seperti sake, sari buah apel (sider/ cider), sari buah pir/perry, mead, wine dari buah lainnya, dan minuman campuran yang mengandung alkohol; - pembuatan vermouth dan sejenisnya; - pencampuran wine; - pembuatan wine dengan alkohol rendah atau nonalkohol. Kelompok ini tidak mencakup - pembuatan cuka, lihat subgolongan 1079; - pengemasan wine dalam botol dan pelabelan, lihat subgolongan 4633 (jika pengemasan dilakukan sebagai bagian dari perdagangan besar) dan 8292 (jika pengemasan dilakukan atas dasar balas jasa atau kontrak).",C,"https://www.bps.go.id (Katalog BPS 1302017, ISBN 978-602-438-530-9, Peraturan BPS No. 7 Tahun 2025 - Klasifikasi Baku Lapangan Usaha Indonesia (KBLI) 2025)"
11030,Industri Minuman Beralkohol Hasil Fermentasi Malt,"Kelompok ini mencakup kegiatan pembuatan minuman beralkohol dari malt, seperti bir, ale, porter, dan stout, termasuk kegiatan pembuatan bir dengan alkohol rendah atau tanpa alkohol.",C,"https://www.bps.go.id (Katalog BPS 1302017, ISBN 978-602-438-530-9, Peraturan BPS No. 7 Tahun 2025 - Klasifikasi Baku Lapangan Usaha Indonesia (KBLI) 2025)"
11040,Industri Malt,"Kelompok ini mencakup kegiatan pembuatan malt dari barli, gandum hitam, atau serealia lainnya. Kelompok ini tidak mencakup pembuatan minuman beralkohol dari malt (lihat kelompok 11030) dan pembuatan ekstrak malt dan sirop malt (lihat subgolongan 1079).",C,"https://www.bps.go.id (Katalog BPS 1302017, ISBN 978-602-438-530-9, Peraturan BPS No. 7 Tahun 2025 - Klasifikasi Baku Lapangan Usaha Indonesia (KBLI) 2025)"
11051,Industri Air Kemasan,"Kelompok ini mencakup kegiatan pengolahan air baku menjadi air minum yang dikemas dan siap dikonsumsi langsung; baik mengandung mineral maupun tidak; dengan atau tanpa penambahan gas, seperti oksigen atau karbon dioksida; dengan atau tanpa penambahan mineral.",C,"https://www.bps.go.id (Katalog BPS 1302017, ISBN 978-602-438-530-9, Peraturan BPS No. 7 Tahun 2025 - Klasifikasi Baku Lapangan Usaha Indonesia (KBLI) 2025)"
11052,Industri Air Minum Isi Ulang,Kelompok ini kegiatan pembuatan air minum yang dapat langsung dikonsumsi berupa depot air isi ulang baik yang dioperasikan manual oleh manusia maupun mesin pengisi otomatis (automatic tap water machine). Kegiatan ini meliputi pemrosesan air baku menjadi air minum menggunakan alat filtrasi.,C,"https://www.bps.go.id (Katalog BPS 1302017, ISBN 978-602-438-530-9, Peraturan BPS No. 7 Tahun 2025 - Klasifikasi Baku Lapangan Usaha Indonesia (KBLI) 2025)"
11053,Industri Minuman Ringan,"Kelompok ini mencakup - pembuatan minuman yang tidak mengandung alkohol, kecuali bir dan anggur tanpa alkohol; - pembuatan minuman ringan beraroma dan/atau berpemanis tanpa alkohol, seperti limun/ lemonade, orangeade, kola, minuman rasa buah-buahan, minuman rasa susu, minuman rasa kopi, minuman rasa teh, dan air tonik; - pembuatan minuman tidak beralkohol lainnya, seperti minuman berbahan dasar kedelai; - pembuatan minuman dari nektar buah; - pembuatan minuman ringan serbuk. Kelompok ini tidak mencakup - pembuatan jus buah dan sayuran, lihat kelompok 10306; - pembuatan minuman berbasis susu, lihat subgolongan 1050; - pembuatan produk teh, kopi, dan mate, lihat subgolongan 1076; - pembuatan minuman beralkohol, lihat subgolongan 1101 s.d. 1103; - pembuatan anggur tanpa alkohol, lihat kelompok 11020; - pembuatan bir tanpa alkohol, lihat kelompok 11030; - pembuatan es batu untuk konsumsi, lihat kelompok 35302; - pengemasan dalam botol dan pelabelan, lihat subgolongan 4633 (jika pengemasan dilakukan sebagai bagian dari kegiatan perdagangan besar) atau subgolongan 8292 (jika pengemasan dilakukan atas dasar balas jasa atau kontrak).",C,"https://www.bps.go.id (Katalog BPS 1302017, ISBN 978-602-438-530-9, Peraturan BPS No. 7 Tahun 2025 - Klasifikasi Baku Lapangan Usaha Indonesia (KBLI) 2025)"
11059,Industri Minuman Lainnya,"Kelompok ini mencakup kegiatan pembuatan minuman lainnya yang tidak termasuk dalam kelompok 11051 s.d. 11053 dan biasanya tidak dikemas secara pabrikasi, seperti air nira, air tebu, air kelapa, dan serbuk sekoteng.",C,"https://www.bps.go.id (Katalog BPS 1302017, ISBN 978-602-438-530-9, Peraturan BPS No. 7 Tahun 2025 - Klasifikasi Baku Lapangan Usaha Indonesia (KBLI) 2025)"
46100,Perdagangan Besar Atas Dasar Balas Jasa (fee) atau Kontrak,"Kelompok ini mencakup jasa intermediasi dalam perdagangan besar, yaitu memfasilitasi transaksi antara penjual dan pembeli untuk pemesanan barang berdasarkan imbalan atau komisi tanpa penyediaan atau mengambil kepemilikan barang dan jasa yang diintermediasi kan. Kegiatan intermediasi dapat dilakukan melalui platform digital atau kanal nondigital. Imbalan atau komisi dapat diterima dari pihak penjual atau pembeli. Pendapatan dari kegiatan intermediasi juga dapat mencakup sumber lain, seperti pendapatan dari iklan. Kelompok ini juga mencakup - kegiatan agen komisi, broker barang dan perdagangan besar lainnya yang berdagang atas nama pihak lain tanpa memiliki hak atas barang yang diintermediasikan; - kegiatan yang mempertemukan penjual dan pembeli; - kegiatan melakukan transaksi atas nama perusahaan, termasuk secara daring; - kegiatan pusat pembelian, jika hanya bertindak sebagai intermediator dan tidak memiliki hak atas barang yang diintermediasikan; - kegiatan rumah lelang untuk perdagangan besar rumah pelelangan; - keagenan berbasis komisi untuk perdagangan besar zat radioaktif dan pembangkit radiasi pengion; - penyelenggaraan pasar lelang komoditas untuk perdagangan besar. Kelompok ini tidak mencakup - perdagangan besar atas nama sendiri, lihat golongan 462 s.d. 469; - kegiatan agen komisi yang memiliki hak atas barang, meskipun mereka bertindak atas nama pihak ketiga, lihat golongan 462 s.d. 469; - kegiatan opaque intermediaries (perantara yang bertindak atas nama pihak ketiga, lihat golongan 462 s.d. 469; - kegiatan jasa intermediasi untuk perdagangan eceran, lihat golongan 479; - kegiatan jasa intermediasi untuk real estat, lihat subgolongan 6821; - situs web pencarian barang yang menghubungkan pelanggan dan penjual.",G,"https://www.bps.go.id (Katalog BPS 1302017, ISBN 978-602-438-530-9, Peraturan BPS No. 7 Tahun 2025 - Klasifikasi Baku Lapangan Usaha Indonesia (KBLI) 2025)"
46201,Perdagangan Besar Padi dan Palawija,"Kelompok ini mencakup perdagangan besar hasil pertanian tanaman padi dan palawija, seperti padi, jagung, gabah, gandum, benih dan bibit padi, serta palawija.",G,"https://www.bps.go.id (Katalog BPS 1302017, ISBN 978-602-438-530-9, Peraturan BPS No. 7 Tahun 2025 - Klasifikasi Baku Lapangan Usaha Indonesia (KBLI) 2025)"
46202,Perdagangan Besar Buah yang Mengandung Minyak,"Kelompok ini mencakup perdagangan besar hasil pertanian tanaman buah yang mengandung minyak, seperti kelapa, kelapa sawit, dan bibit buah yang mengandung minyak.",G,"https://www.bps.go.id (Katalog BPS 1302017, ISBN 978-602-438-530-9, Peraturan BPS No. 7 Tahun 2025 - Klasifikasi Baku Lapangan Usaha Indonesia (KBLI) 2025)"
46203,Perdagangan Besar Bunga dan Tanaman Hias,"Kelompok ini mencakup perdagangan besar hasil pertanian tanaman bunga dan tanaman hias lainnya, seperti tanaman bunga mawar, melati, bibit tanaman hias, dan bibit bunga.",G,"https://www.bps.go.id (Katalog BPS 1302017, ISBN 978-602-438-530-9, Peraturan BPS No. 7 Tahun 2025 - Klasifikasi Baku Lapangan Usaha Indonesia (KBLI) 2025)"
46204,Perdagangan Besar Tembakau Rajangan,"Kelompok ini mencakup perdagangan besar hasil pertanian tanaman tembakau, seperti daun tembakau yang belum diolah dan tembakau rajangan.",G,"https://www.bps.go.id (Katalog BPS 1302017, ISBN 978-602-438-530-9, Peraturan BPS No. 7 Tahun 2025 - Klasifikasi Baku Lapangan Usaha Indonesia (KBLI) 2025)"
46205,Perdagangan Besar Binatang Hidup,"Kelompok ini mencakup perdagangan besar yang berhubungan dengan binatang hidup bukan ikan, seperti unggas, ternak potong, dan bibit binatang.",G,"https://www.bps.go.id (Katalog BPS 1302017, ISBN 978-602-438-530-9, Peraturan BPS No. 7 Tahun 2025 - Klasifikasi Baku Lapangan Usaha Indonesia (KBLI) 2025)"
46206,Perdagangan Besar Ikan dan Biota Air Hidup Lainnya,"Kelompok ini mencakup perdagangan besar ikan dan biota air hidup lainnya yang bukan untuk dikonsumsi, seperti bibit ikan, ikan hias, kerang mutiara, dan bunga karang.",G,"https://www.bps.go.id (Katalog BPS 1302017, ISBN 978-602-438-530-9, Peraturan BPS No. 7 Tahun 2025 - Klasifikasi Baku Lapangan Usaha Indonesia (KBLI) 2025)"
46207,Perdagangan Besar Hasil Kehutanan dan Perburuan,"Kelompok ini mencakup perdagangan besar hasil kehutanan, penangkaran, pengambilan hasil hutan, dan perburuan, seperti bambu, kayu cendana, getah damar, bibit tanaman kehutanan, penangkaran satwa liar, dan hasil hutan lainnya, termasuk pengadaan dan pengedaran benih/bibit, serta penjualan/pembelian benih/bibit ke/dari luar negeri.",G,"https://www.bps.go.id (Katalog BPS 1302017, ISBN 978-602-438-530-9, Peraturan BPS No. 7 Tahun 2025 - Klasifikasi Baku Lapangan Usaha Indonesia (KBLI) 2025)"
46208,Perdagangan Besar Kulit,Kelompok ini mencakup perdagangan besar kulit dan tiruan kulit.,G,"https://www.bps.go.id (Katalog BPS 1302017, ISBN 978-602-438-530-9, Peraturan BPS No. 7 Tahun 2025 - Klasifikasi Baku Lapangan Usaha Indonesia (KBLI) 2025)"
46209,Perdagangan Besar Hasil Pertanian dan Hewan Hidup Lainnya,"Kelompok ini mencakup perdagangan besar hasil pertanian dan hewan hidup lainnya yang belum diklasifikasikan di tempat lain, seperti sisaan dan sampah pertanian; hasil ikutan pertanian yang digunakan untuk makanan hewan; tanaman dan bibit tanaman lainnya ya ng belum disebutkan di atas.",G,"https://www.bps.go.id (Katalog BPS 1302017, ISBN 978-602-438-530-9, Peraturan BPS No. 7 Tahun 2025 - Klasifikasi Baku Lapangan Usaha Indonesia (KBLI) 2025)"
46311,Perdagangan Besar Beras,Kelompok ini mencakup perdagangan besar beras.,G,"https://www.bps.go.id (Katalog BPS 1302017, ISBN 978-602-438-530-9, Peraturan BPS No. 7 Tahun 2025 - Klasifikasi Baku Lapangan Usaha Indonesia (KBLI) 2025)"
46312,Perdagangan Besar Buah-buahan,"Kelompok ini mencakup perdagangan besar buah -buahan, seperti jeruk, apel, pir, dan mangga.",G,"https://www.bps.go.id (Katalog BPS 1302017, ISBN 978-602-438-530-9, Peraturan BPS No. 7 Tahun 2025 - Klasifikasi Baku Lapangan Usaha Indonesia (KBLI) 2025)"
46313,Perdagangan Besar Sayuran,"Kelompok ini mencakup perdagangan besar sayur -sayuran, seperti bayam, kangkung, dan kol.",G,"https://www.bps.go.id (Katalog BPS 1302017, ISBN 978-602-438-530-9, Peraturan BPS No. 7 Tahun 2025 - Klasifikasi Baku Lapangan Usaha Indonesia (KBLI) 2025)"
46314,"Perdagangan Besar Kopi, Teh, dan Kakao","Kelompok ini mencakup perdagangan besar kopi, teh, dan kakao.",G,"https://www.bps.go.id (Katalog BPS 1302017, ISBN 978-602-438-530-9, Peraturan BPS No. 7 Tahun 2025 - Klasifikasi Baku Lapangan Usaha Indonesia (KBLI) 2025)"
46315,Perdagangan Besar Minyak dan Lemak Nabati,"Kelompok ini mencakup perdagangan besar minyak dan lemak nabati, termasuk margarin serta produk berbahan dasar lemak nabati seperti krimer nabati (non-dairy cream).",G,"https://www.bps.go.id (Katalog BPS 1302017, ISBN 978-602-438-530-9, Peraturan BPS No. 7 Tahun 2025 - Klasifikasi Baku Lapangan Usaha Indonesia (KBLI) 2025)"
46319,Perdagangan Besar Bahan Makanan dan Minuman Hasil Pertanian Lainnya,"Kelompok ini mencakup perdagangan besar bahan makanan dan minuman hasil pertanian lainnya, seperti tanaman bumbu -bumbuan dan rempah-rempah.",G,"https://www.bps.go.id (Katalog BPS 1302017, ISBN 978-602-438-530-9, Peraturan BPS No. 7 Tahun 2025 - Klasifikasi Baku Lapangan Usaha Indonesia (KBLI) 2025)"
46321,Perdagangan Besar Daging Sapi dan Daging Sapi Olahan,"Kelompok ini mencakup perdagangan besar daging sapi dan daging sapi olahan, termasuk daging sapi yang diawetkan.",G,"https://www.bps.go.id (Katalog BPS 1302017, ISBN 978-602-438-530-9, Peraturan BPS No. 7 Tahun 2025 - Klasifikasi Baku Lapangan Usaha Indonesia (KBLI) 2025)"
46322,Perdagangan Besar Daging Ayam dan Daging Ayam Olahan,"Kelompok ini mencakup perdagangan besar daging ayam dan daging ayam olahan, termasuk daging ayam yang diawetkan.",G,"https://www.bps.go.id (Katalog BPS 1302017, ISBN 978-602-438-530-9, Peraturan BPS No. 7 Tahun 2025 - Klasifikasi Baku Lapangan Usaha Indonesia (KBLI) 2025)"
46323,Perdagangan Besar Daging dan Daging Olahan Lainnya,"Kelompok ini mencakup perdagangan besar daging dan daging olahan lainnya, termasuk daging lainnya yang diawetkan.",G,"https://www.bps.go.id (Katalog BPS 1302017, ISBN 978-602-438-530-9, Peraturan BPS No. 7 Tahun 2025 - Klasifikasi Baku Lapangan Usaha Indonesia (KBLI) 2025)"
46324,Perdagangan Besar Hasil Perikanan dan Olahan Terkait,"Kelompok ini mencakup perdagangan besar ikan konsumsi, udang, kepiting, tiram, mutiara, kerang, rumput laut, bunga karang, dan kodok; perdagangan besar olahan hasil perikanan.",G,"https://www.bps.go.id (Katalog BPS 1302017, ISBN 978-602-438-530-9, Peraturan BPS No. 7 Tahun 2025 - Klasifikasi Baku Lapangan Usaha Indonesia (KBLI) 2025)"
46325,Perdagangan Besar Telur dan Hasil Olahan Telur,Kelompok ini mencakup perdagangan besar telur dan hasil olahan telur.,G,"https://www.bps.go.id (Katalog BPS 1302017, ISBN 978-602-438-530-9, Peraturan BPS No. 7 Tahun 2025 - Klasifikasi Baku Lapangan Usaha Indonesia (KBLI) 2025)"
46326,Perdagangan Besar Susu dan Produk Susu,Kelompok ini mencakup perdagangan besar susu dan produk susu.,G,"https://www.bps.go.id (Katalog BPS 1302017, ISBN 978-602-438-530-9, Peraturan BPS No. 7 Tahun 2025 - Klasifikasi Baku Lapangan Usaha Indonesia (KBLI) 2025)"
46327,Perdagangan Besar Minyak dan Lemak Hewani,Kelompok ini mencakup perdagangan besar minyak dan lemak hewani.,G,"https://www.bps.go.id (Katalog BPS 1302017, ISBN 978-602-438-530-9, Peraturan BPS No. 7 Tahun 2025 - Klasifikasi Baku Lapangan Usaha Indonesia (KBLI) 2025)"
46329,Perdagangan Besar Bahan Makanan dan Minuman Hasil Peternakan dan Perikanan Lainnya,"Subgolongan ini mencakup perdagangan besar bahan makanan dan minuman hasil peternakan dan perikanan yang belum tercakup dalam kelompok 46321 s.d. 46327, seperti perdagangan besar madu hasil peternakan lebah dan pemungutan madu hasil hutan.",G,"https://www.bps.go.id (Katalog BPS 1302017, ISBN 978-602-438-530-9, Peraturan BPS No. 7 Tahun 2025 - Klasifikasi Baku Lapangan Usaha Indonesia (KBLI) 2025)"
46331,"Perdagangan Besar Gula, Cokelat, dan Kembang Gula","Kelompok ini mencakup perdagangan besar gula, cokelat, kembang gula, dan sediaan pemanis.",G,"https://www.bps.go.id (Katalog BPS 1302017, ISBN 978-602-438-530-9, Peraturan BPS No. 7 Tahun 2025 - Klasifikasi Baku Lapangan Usaha Indonesia (KBLI) 2025)"
46332,Perdagangan Besar Produk Bakeri,"Kelompok ini mencakup perdagangan besar produk roti, kue, dan produk bakeri lainnya.",G,"https://www.bps.go.id (Katalog BPS 1302017, ISBN 978-602-438-530-9, Peraturan BPS No. 7 Tahun 2025 - Klasifikasi Baku Lapangan Usaha Indonesia (KBLI) 2025)"
46333,Perdagangan Besar Minuman Beralkohol,"Kelompok ini mencakup perdagangan besar minuman beralkohol, seperti minuman keras, wine, malt, dan bir.",G,"https://www.bps.go.id (Katalog BPS 1302017, ISBN 978-602-438-530-9, Peraturan BPS No. 7 Tahun 2025 - Klasifikasi Baku Lapangan Usaha Indonesia (KBLI) 2025)"
46334,Perdagangan Besar Minuman Nonalkohol bukan Susu,"Kelompok ini mencakup perdagangan besar minuman nonalkohol, seperti sari buah, jus, minuman ringan, air mineral, dan air kemasan.",G,"https://www.bps.go.id (Katalog BPS 1302017, ISBN 978-602-438-530-9, Peraturan BPS No. 7 Tahun 2025 - Klasifikasi Baku Lapangan Usaha Indonesia (KBLI) 2025)"
46335,Perdagangan Besar Rokok dan Tembakau,"Kelompok ini mencakup perdagangan besar hasil pengolahan tembakau, bumbu rokok; perdagangan besar produk dan aksesori untuk merokok, seperti rokok kretek, rokok putih, rokok elektronik ( vape), korek api, cangklong, alat pelinting rokok, dan e-liquid.",G,"https://www.bps.go.id (Katalog BPS 1302017, ISBN 978-602-438-530-9, Peraturan BPS No. 7 Tahun 2025 - Klasifikasi Baku Lapangan Usaha Indonesia (KBLI) 2025)"
46339,Perdagangan Besar Makanan dan Minuman Lainnya,"Kelompok ini mencakup perdagangan besar makanan dan minuman lainnya, seperti tepung beras, tepung tapioka, premiks bakeri, karamel, madu olahan, kerupuk udang, pangan untuk keperluan gizi khusus (untuk bayi, anak, dan dewasa), bahan tambahan pangan (food additive), bahan penolong (processing aid), makanan ringan, serealia dan produk berbasis serealia yang belum diolah maupun telah diolah, minuman produk kedelai, makanan siap saji, serta perdagangan besar makanan untuk hewan kesayangan.",G,"https://www.bps.go.id (Katalog BPS 1302017, ISBN 978-602-438-530-9, Peraturan BPS No. 7 Tahun 2025 - Klasifikasi Baku Lapangan Usaha Indonesia (KBLI) 2025)"
46411,Perdagangan Besar Tekstil,"Kelompok ini mencakup perdagangan besar hasil industri tekstil, seperti bermacam-macam tekstil/kain, kain batik, dan linen rumah tangga (kain untuk keperluan rumah tangga).",G,"https://www.bps.go.id (Katalog BPS 1302017, ISBN 978-602-438-530-9, Peraturan BPS No. 7 Tahun 2025 - Klasifikasi Baku Lapangan Usaha Indonesia (KBLI) 2025)"
46412,Perdagangan Besar Pakaian,"Kelompok ini mencakup perdagangan besar pakaian, termasuk pakaian olahraga; perdagangan besar aksesori pakaian seperti sarung tangan, dasi, penjepit, dan kaos kaki.",G,"https://www.bps.go.id (Katalog BPS 1302017, ISBN 978-602-438-530-9, Peraturan BPS No. 7 Tahun 2025 - Klasifikasi Baku Lapangan Usaha Indonesia (KBLI) 2025)"
46413,Perdagangan Besar Alas Kaki,"Kelompok ini mencakup perdagangan besar alas kaki, seperti sepatu, sandal, dan selop.",G,"https://www.bps.go.id (Katalog BPS 1302017, ISBN 978-602-438-530-9, Peraturan BPS No. 7 Tahun 2025 - Klasifikasi Baku Lapangan Usaha Indonesia (KBLI) 2025)"
46414,Perdagangan Besar Barang Jadi Tekstil,"Kelompok ini mencakup perdagangan besar hasil industri tekstil, seperti tali-temali, karpet/permadani dari bahan tekstil, karung, aneka hasil rajutan, barang dari kulit berbulu, payung, parasol, terpal, layar kapal, parasut.",G,"https://www.bps.go.id (Katalog BPS 1302017, ISBN 978-602-438-530-9, Peraturan BPS No. 7 Tahun 2025 - Klasifikasi Baku Lapangan Usaha Indonesia (KBLI) 2025)"
46415,Perdagangan Besar Perlengkapan Jahit,"Kelompok ini mencakup perdagangan besar perlengkapan jahit, seperti jarum, benang jahit, dan ritsleting.",G,"https://www.bps.go.id (Katalog BPS 1302017, ISBN 978-602-438-530-9, Peraturan BPS No. 7 Tahun 2025 - Klasifikasi Baku Lapangan Usaha Indonesia (KBLI) 2025)"
46420,"Perdagangan Besar Furnitur, Karpet, Perlengkapan Pencahayaan untuk Rumah Tangga, Perkantoran, dan Pertokoan","Kelompok ini mencakup - perdagangan besar furnitur; - perdagangan besar perlengkapan pencahayaan; - perdagangan besar karpet; - perdagangan besar kasur dan kasur pegas; - perdagangan besar furnitur ruang terbuka; - perdagangan besar furnitur untuk gudang, gereja, fasilitas medis, dan lain-lain.",G,"https://www.bps.go.id (Katalog BPS 1302017, ISBN 978-602-438-530-9, Peraturan BPS No. 7 Tahun 2025 - Klasifikasi Baku Lapangan Usaha Indonesia (KBLI) 2025)"
46430,Perdagangan Besar Alat Fotografi dan Barang Optik,"Kelompok ini mencakup perdagangan besar alat fotografi dan barang optik, seperti kaca mata, teropong, dan kaca pembesar. Kelompok ini tidak mencakup - perdagangan besar pita audio dan pita video kosong, lihat subgolongan 4652; - perdagangan besar peralatan siaran radio dan TV, lihat subgolongan 4652; - perdagangan besar furnitur kantor, lihat subgolongan 4659.",G,"https://www.bps.go.id (Katalog BPS 1302017, ISBN 978-602-438-530-9, Peraturan BPS No. 7 Tahun 2025 - Klasifikasi Baku Lapangan Usaha Indonesia (KBLI) 2025)"
46441,Perdagangan Besar Sediaan Farmasi untuk Manusia,"Kelompok ini mencakup perdagangan besar berbagai bentuk sediaan farmasi, meliputi bahan obat, bahan obat alam, kosmetik, obat kuasi, suplemen kesehatan, obat, dan obat bahan alam, yang ditujukan untuk digunakan oleh manusia.",G,"https://www.bps.go.id (Katalog BPS 1302017, ISBN 978-602-438-530-9, Peraturan BPS No. 7 Tahun 2025 - Klasifikasi Baku Lapangan Usaha Indonesia (KBLI) 2025)"
46442,Perdagangan Besar Sediaan Farmasi untuk Hewan,"Kelompok ini mencakup perdagangan besar, termasuk pemasukan/impor, pengeluaran/ekspor, dan peredaran, berbagai bentuk sediaan farmasi yang ditujukan untuk penggunaan hewan, seperti bahan baku obat hewan, kosmetik hewan, dan obat hewan.",G,"https://www.bps.go.id (Katalog BPS 1302017, ISBN 978-602-438-530-9, Peraturan BPS No. 7 Tahun 2025 - Klasifikasi Baku Lapangan Usaha Indonesia (KBLI) 2025)"
46451,Perdagangan Besar Alat Tulis dan Gambar,"Kelompok ini mencakup perdagangan besar peralatan tulis dan gambar, seperti buku tulis, buku gambar, alat tulis, dan alat gambar.",G,"https://www.bps.go.id (Katalog BPS 1302017, ISBN 978-602-438-530-9, Peraturan BPS No. 7 Tahun 2025 - Klasifikasi Baku Lapangan Usaha Indonesia (KBLI) 2025)"
46452,Perdagangan Besar Barang Percetakan dan Penerbitan Dalam Berbagai Bentuk,"Kelompok ini mencakup perdagangan besar barang percetakan dan penerbitan dalam berbagai bentuk, seperti buku, majalah, dan surat kabar.",G,"https://www.bps.go.id (Katalog BPS 1302017, ISBN 978-602-438-530-9, Peraturan BPS No. 7 Tahun 2025 - Klasifikasi Baku Lapangan Usaha Indonesia (KBLI) 2025)"
46491,"Perdagangan Besar Peralatan Masak, Peralatan Dapur, dan Elektronik Rumah Tangga","Kelompok ini mencakup perdagangan besar peralatan dapur dan memasak, seperti panci, wajan; perdagangan besar elektronik konsumen, seperti sikat gigi elektrik, radio, televisi, perekam dan pemutar CD dan DVD, perlengkapan stereo; perdagangan besar peralatan makan minum porselen dan gelas, peralatan sendok, pisau, garpu, peralatan dari kayu, serta barang dari anyaman dan barang dari gabus.",G,"https://www.bps.go.id (Katalog BPS 1302017, ISBN 978-602-438-530-9, Peraturan BPS No. 7 Tahun 2025 - Klasifikasi Baku Lapangan Usaha Indonesia (KBLI) 2025)"
46492,Perdagangan Besar Peralatan dan Perlengkapan Olahraga,"Kelompok ini mencakup kegiatan perdagangan besar berbagai peralatan dan perlengkapan olahraga - perdagangan besar peralatan untuk latihan fisik, senam, atau atletik, seperti treadmill, dumb bell, dan resistance bands; - perdagangan besar alat olahraga luar ruangan, seperti bola, raket, dan papan selancar; - perdagangan besar alat permainan luar ruangan, seperti trampolin, ring basket, dan ayunan; - perdagangan besar sepeda, suku cadang, serta aksesorinya.",G,"https://www.bps.go.id (Katalog BPS 1302017, ISBN 978-602-438-530-9, Peraturan BPS No. 7 Tahun 2025 - Klasifikasi Baku Lapangan Usaha Indonesia (KBLI) 2025)"
46493,Perdagangan Besar Alat Musik,"Kelompok ini mencakup kegiatan perdagangan besar berbagai alat musik, baik alat musik tradisional maupun alat musik modern, seperti kecapi, seruling bambu, calung, angklung, kolintang, gamelan, rebab, rebana, tifa, sasando, seruling, flute, saksofon, harmo nika, trombon, gitar, mandolin, ukulele, harpa, bas, gambus, biola, selo, piano, organ, drum, dan garpu tala.",G,"https://www.bps.go.id (Katalog BPS 1302017, ISBN 978-602-438-530-9, Peraturan BPS No. 7 Tahun 2025 - Klasifikasi Baku Lapangan Usaha Indonesia (KBLI) 2025)"
46494,Perdagangan Besar Perhiasan dan Jam,"Kelompok ini mencakup perdagangan besar berbagai barang perhiasan, jam, dan bagian terkait, seperti casing jam, strap jam, rangka jam, dan mesin penggerak waktu.",G,"https://www.bps.go.id (Katalog BPS 1302017, ISBN 978-602-438-530-9, Peraturan BPS No. 7 Tahun 2025 - Klasifikasi Baku Lapangan Usaha Indonesia (KBLI) 2025)"
46495,Perdagangan Besar Alat Permainan dan Mainan,"Kelompok ini mencakup perdagangan besar berbagai alat permainan dan mainan, baik permainan tradisional maupun modern, seperti permainan papan, boneka, permainan kartu, model kit, permainan elektronik, dan konsol gim video. Kelompok ini tidak mencakup perdagangan besar media fisik perangkat lunak gim video, lihat subgolongan 4651.",G,"https://www.bps.go.id (Katalog BPS 1302017, ISBN 978-602-438-530-9, Peraturan BPS No. 7 Tahun 2025 - Klasifikasi Baku Lapangan Usaha Indonesia (KBLI) 2025)"
46496,"Perdagangan Besar Tas, Dompet, Koper, Ransel, dan Sejenisnya","Kelompok ini mencakup perdagangan besar tas, dompet, koper, ransel, dan sejenisnya baik terbuat dari kulit, tiruan kulit, tekstil, plastik, karet, atau bahan lainnya; seperti tas tangan, tas belanja, tas sekolah, tas olahraga, dompet, kotak rias, sarung pedang/pisau, dan tempat kamera.",G,"https://www.bps.go.id (Katalog BPS 1302017, ISBN 978-602-438-530-9, Peraturan BPS No. 7 Tahun 2025 - Klasifikasi Baku Lapangan Usaha Indonesia (KBLI) 2025)"
46499,Perdagangan Besar Berbagai Barang dan Perlengkapan Rumah Tangga Lainnya Ytdl,"Kelompok ini mencakup perdagangan besar berbagai barang dan perlengkapan rumah tangga lainnya, seperti alat -alat pembersih; sikat gigi nonelektrik; sepeda listrik, monowheel, hoverboard, skuter; media berisi rekaman, termasuk rekaman suara dan video dalam kaset, CD dan DVD; perlengkapan bayi, seperti kereta bayi, kereta dorong bayi, alat bantu jalan bayi, gendongan bayi, kursi mobil bayi; medali dan piala olahraga; tenda dan kantong tidu r; barang promosi; perhiasan imitasi; barang kimia untuk rumah tangga ( deterjen, pembersih lantai, dan lain- lain); dan alat peraga pendidikan.",G,"https://www.bps.go.id (Katalog BPS 1302017, ISBN 978-602-438-530-9, Peraturan BPS No. 7 Tahun 2025 - Klasifikasi Baku Lapangan Usaha Indonesia (KBLI) 2025)"
46511,Perdagangan Besar Komputer dan Perlengkapan Komputer,"Kelompok ini mencakup perdagangan besar komputer dan pelengkapan periferal komputer, seperti printer, printer multifungsi (cetak, pindai, salin, pengiriman faks) yang umumnya mampu terhubung ke komputer dan jaringan, papan tulis interaktif, dan peralatan konferensi video.",G,"https://www.bps.go.id (Katalog BPS 1302017, ISBN 978-602-438-530-9, Peraturan BPS No. 7 Tahun 2025 - Klasifikasi Baku Lapangan Usaha Indonesia (KBLI) 2025)"
46512,Perdagangan Besar Perangkat Lunak,"Kelompok ini mencakup perdagangan besar perangkat lunak siap pakai, termasuk gim video, yang disediakan dalam media fisik dengan hak penggunaan permanen.",G,"https://www.bps.go.id (Katalog BPS 1302017, ISBN 978-602-438-530-9, Peraturan BPS No. 7 Tahun 2025 - Klasifikasi Baku Lapangan Usaha Indonesia (KBLI) 2025)"
46521,Perdagangan Besar Suku Cadang Elektronik,"Kelompok ini mencakup perdagangan besar katup dan tabung elektronik, peralatan semikonduktor, mikrocip, sirkuit terpadu/IC, dan papan sirkuit cetak/PCB.",G,"https://www.bps.go.id (Katalog BPS 1302017, ISBN 978-602-438-530-9, Peraturan BPS No. 7 Tahun 2025 - Klasifikasi Baku Lapangan Usaha Indonesia (KBLI) 2025)"
46522,"Perdagangan Besar Disket, Flash Drive, Pita Audio dan Video, Serta Cd dan Dvd Kosong","Kelompok ini mencakup kegiatan perdagangan besar disket, diska lepas/flash drive, pita audio dan pita video kosong, serta CD dan DVD kosong.",G,"https://www.bps.go.id (Katalog BPS 1302017, ISBN 978-602-438-530-9, Peraturan BPS No. 7 Tahun 2025 - Klasifikasi Baku Lapangan Usaha Indonesia (KBLI) 2025)"
46523,Perdagangan Besar Peralatan Telekomunikasi,"Kelompok ini mencakup perdagangan besar peralatan telekomunikasi, seperti perlengkapan telepon, termasuk telepon untuk jaringan seluler atau jaringan nirkabel lainnya; perangkat untuk transmisi atau penerimaan suara, gambar, atau data lain, termasuk perang kat komunikasi dalam jaringan berkabel atau nirkabel, modem, serta peralatan penyiaran radio dan televisi.",G,"https://www.bps.go.id (Katalog BPS 1302017, ISBN 978-602-438-530-9, Peraturan BPS No. 7 Tahun 2025 - Klasifikasi Baku Lapangan Usaha Indonesia (KBLI) 2025)"
46530,"Perdagangan Besar Mesin, Peralatan dan Perlengkapan Pertanian","Kelompok ini mencakup perdagangan besar mesin, peralatan dan perlengkapan pertanian dan kehutanan. Kelompok ini mencakup - perdagangan besar alat bajak, penyebar pupuk, penanam biji; - perdagangan besar alat panen; - perdagangan besar alat penebah; - perdagangan besar mesin pemerah susu; - perdagangan besar mesin beternak unggas dan mesin beternak lebah; - perdagangan besar traktor yang digunakan dalam pertanian dan kehutanan; - perdagangan besar mesin pemotong rumput. Kelompok ini tidak mencakup - perdagangan besar pupuk dan produk agrokimia lihat subgolongan 4679; - perdagangan besar pakan ternak, lihat subgolongan 4620.",G,"https://www.bps.go.id (Katalog BPS 1302017, ISBN 978-602-438-530-9, Peraturan BPS No. 7 Tahun 2025 - Klasifikasi Baku Lapangan Usaha Indonesia (KBLI) 2025)"
46591,"Perdagangan Besar Mesin Kantor dan Industri, Suku Cadang, dan Perlengkapannya","Kelompok ini mencakup perdagangan besar mesin industri dan mesin kantor kecuali komputer, serta perlengkapannya: - perdagangan besar mesin industri, seperti mesin pengolahan kayu dan logam; robot produksi pengolahan; mesin manufaktur aditif (printer tiga dimensi dan lainnya); mesin industri yang dikendalikan komputer (mesin industri tekstil, mesin jahit, mesin rajut, d an lainnya); - perdagangan besar mesin dan peralatan kantor, kecuali komputer dan periferal komputer, seperti mesin kasir, kalkulator, mesin fotokopi yang tidak terhubung ke komputer atau jaringan, mesin penghancur kertas, dan anjungan tunai mandiri (ATM).",G,"https://www.bps.go.id (Katalog BPS 1302017, ISBN 978-602-438-530-9, Peraturan BPS No. 7 Tahun 2025 - Klasifikasi Baku Lapangan Usaha Indonesia (KBLI) 2025)"
46592,"Perdagangan Besar Alat Transportasi Laut, Suku Cadang, dan Perlengkapannya","Kelompok ini mencakup kegiatan perdagangan besar macam-macam alat transportasi laut bermotor ataupun tidak bermotor, termasuk kegiatan perdagangan besar macam-macam suku cadang dan perlengkapannya.",G,"https://www.bps.go.id (Katalog BPS 1302017, ISBN 978-602-438-530-9, Peraturan BPS No. 7 Tahun 2025 - Klasifikasi Baku Lapangan Usaha Indonesia (KBLI) 2025)"
46593,"Perdagangan Besar Alat Transportasi Darat (bukan Mobil, Sepeda Motor, dan Sejenisnya), Suku Cadang, dan Perlengkapannya","Kelompok ini mencakup kegiatan perdagangan besar macam-macam alat transportasi darat, bermotor ataupun tidak bermotor (bukan mobil, sepeda motor dan sejenisnya), seperti lokomotif, gerbong, termasuk kegiatan perdagangan besar macam -macam suku cadang dan perlengkapannya.",G,"https://www.bps.go.id (Katalog BPS 1302017, ISBN 978-602-438-530-9, Peraturan BPS No. 7 Tahun 2025 - Klasifikasi Baku Lapangan Usaha Indonesia (KBLI) 2025)"
46594,"Perdagangan Besar Alat Transportasi Udara, Suku Cadang dan Perlengkapannya","Kelompok ini mencakup kegiatan perdagangan besar macam-macam alat transportasi udara, termasuk kegiatan perdagangan besar macam - macam suku cadang dan perlengkapannya.",G,"https://www.bps.go.id (Katalog BPS 1302017, ISBN 978-602-438-530-9, Peraturan BPS No. 7 Tahun 2025 - Klasifikasi Baku Lapangan Usaha Indonesia (KBLI) 2025)"
46599,"Perdagangan Besar Mesin, Peralatan, dan Perlengkapan Lainnya Ytdl","Kelompok ini mencakup kegiatan perdagangan besar mesin dan peralatan serta perlengkapan yang belum diklasifikasikan dalam kelompok 46591 s.d. 46594: - perdagangan besar mesin penggerak mula, turbin, mesin pembangkit listrik; - perdagangan besar robot-robot produksi selain untuk pengolahan; - perdagangan besar mesin -mesin lain yang tidak diklasifikasikan di tempat lain untuk perdagangan dan navigasi serta jasa lainnya; - perdagangan besar kabel dan sakelar serta instalasi peralatan lain; - perdagangan besar perkakas mesin berbagai jenis dan untuk berbagai bahan; - perdagangan besar senjata, sistem persenjataan, dan amunisi, termasuk tank dan kendaraan tempur lapis baja; - perdagangan besar perkakas mesin yang dikendalikan komputer selain untuk pengolahan; - perdagangan besar peralatan dan perlengkapan pengukuran; - perdagangan besar mesin dan peralatan pertambangan, konstruksi, dan teknik sipil, seperti mesin pengeruk; - perdagangan besar pembatas lalu lintas, bollard, lampu jalan, lampu lalu lintas, rambu lalu lintas, perlengkapan halte bus dan trem.",G,"https://www.bps.go.id (Katalog BPS 1302017, ISBN 978-602-438-530-9, Peraturan BPS No. 7 Tahun 2025 - Klasifikasi Baku Lapangan Usaha Indonesia (KBLI) 2025)"
46611,Perdagangan Besar Mobil Baru,"Kelompok ini mencakup perdagangan besar mobil baru, termasuk mobil khusus (seperti ambulans, karavan, mikrobus, pemadam kebakaran, dan sebagainya), lori, trailer, semitrailer, mobil barang, dan berbagai kendaraan pengangkut bermotor lainnya.",G,"https://www.bps.go.id (Katalog BPS 1302017, ISBN 978-602-438-530-9, Peraturan BPS No. 7 Tahun 2025 - Klasifikasi Baku Lapangan Usaha Indonesia (KBLI) 2025)"
46612,Perdagangan Besar Mobil Bekas,"Kelompok ini mencakup perdagangan besar mobil bekas, termasuk mobil khusus (seperti ambulans, karavan, mikrobus, pemadam kebakaran, dan sebagainya), lori, trailer, semitrailer, mobil barang, dan berbagai kendaraan pengangkut bermotor lainnya.",G,"https://www.bps.go.id (Katalog BPS 1302017, ISBN 978-602-438-530-9, Peraturan BPS No. 7 Tahun 2025 - Klasifikasi Baku Lapangan Usaha Indonesia (KBLI) 2025)"
46620,Perdagangan Besar Suku Cadang dan Aksesori Mobil,"Kelompok ini mencakup - perdagangan besar suku cadang, komponen, peralatan, dan aksesori mobil, baik baru maupun bekas, seperti ban; - perdagangan besar baterai dan aki untuk mobil. Kelompok ini tidak mencakup - kegiatan agen yang terlibat dalam perdagangan besar suku cadang dan aksesori dari mobil dan kendaraan ringan, lihat subgolongan 4610; - perdagangan besar kapal, pesawat, kereta, termasuk suku cadang dan aksesori, lihat subgolongan 4659.",G,"https://www.bps.go.id (Katalog BPS 1302017, ISBN 978-602-438-530-9, Peraturan BPS No. 7 Tahun 2025 - Klasifikasi Baku Lapangan Usaha Indonesia (KBLI) 2025)"
46631,Perdagangan Besar Sepeda Motor Baru,"Kelompok ini mencakup perdagangan besar sepeda motor baru, termasuk motor sepeda atau moped.",G,"https://www.bps.go.id (Katalog BPS 1302017, ISBN 978-602-438-530-9, Peraturan BPS No. 7 Tahun 2025 - Klasifikasi Baku Lapangan Usaha Indonesia (KBLI) 2025)"
46632,Perdagangan Besar Sepeda Motor Bekas,"Kelompok ini mencakup perdagangan besar sepeda motor bekas, termasuk motor sepeda atau moped.",G,"https://www.bps.go.id (Katalog BPS 1302017, ISBN 978-602-438-530-9, Peraturan BPS No. 7 Tahun 2025 - Klasifikasi Baku Lapangan Usaha Indonesia (KBLI) 2025)"
46633,Perdagangan Besar Suku Cadang Sepeda Motor dan Aksesorinya,Kelompok ini mencakup perdagangan besar suku cadang sepeda motor dan aksesorinya.,G,"https://www.bps.go.id (Katalog BPS 1302017, ISBN 978-602-438-530-9, Peraturan BPS No. 7 Tahun 2025 - Klasifikasi Baku Lapangan Usaha Indonesia (KBLI) 2025)"
46710,"Perdagangan Besar Bahan Bakar Padat, Cair, dan Gas Beserta Produk Terkait","Kelompok ini mencakup perdagangan besar bahan bakar fosil dan bahan bakar rendah karbon atau bebas karbon, gemuk ( grease), pelumas, minyak. Kelompok ini juga mencakup - perdagangan besar minyak bumi mentah, minyak mentah, bahan bakar diesel, bensin, minyak bakar, kerosin, dan solar; - perdagangan besar bahan bakar nabati/ biofuel, bahan bakar dari karbon daur ulang, bahan bakar sintetis dalam bentuk campuran atau murni; - perdagangan besar arang, batu bara, kokas, kayu bakar, pelet kayu atau biomassa, nafta; - perdagangan besar gas minyak cair (LPG), gas alam cair (LNG), gas butana, dan propana serta bentuk bio atau terbarukan yang terkait, baik dalam bentuk campuran atau murni; - perdagangan besar bahan bakar nuklir. Kelompok ini tidak mencakup perdagangan besar hidrogen, lihat kelompok 46751.",G,"https://www.bps.go.id (Katalog BPS 1302017, ISBN 978-602-438-530-9, Peraturan BPS No. 7 Tahun 2025 - Klasifikasi Baku Lapangan Usaha Indonesia (KBLI) 2025)"
46721,Perdagangan Besar Bijih dan Konsentrat Logam,"Kelompok ini mencakup perdagangan besar bijih dan konsentrat logam besi dan bukan besi, seperti bijih dan konsentrat nikel, bijih dan konsentrat tembaga, bijih dan konsentrat aluminium, bijih dan konsentrat besi, bijih dan konsentrat emas beserta logam mulia lain (perak, platina).",G,"https://www.bps.go.id (Katalog BPS 1302017, ISBN 978-602-438-530-9, Peraturan BPS No. 7 Tahun 2025 - Klasifikasi Baku Lapangan Usaha Indonesia (KBLI) 2025)"
46722,Perdagangan Besar Produk Logam Setengah Jadi,"Kelompok ini mencakup kegiatan - perdagangan besar hasil peleburan bijih logam dan pengecoran, seperti ingot, bar, rod, billet, slab, matte; perdagangan besar baja canai, tabung, pipa, profil, profil berongga, dan sejenisnya; perdagangan besar logam bubuk dan logam serpihan; perdagangan besar kawat logam tanpa isolasi atau lapisan enamel; - perdagangan besar lembaran baja atas nama sendiri, termasuk operasi pemotongan yang biasanya terkait dengan perdagangan. Kelompok ini tidak mencakup perdagangan emas batangan, lihat kategori L. .",G,"https://www.bps.go.id (Katalog BPS 1302017, ISBN 978-602-438-530-9, Peraturan BPS No. 7 Tahun 2025 - Klasifikasi Baku Lapangan Usaha Indonesia (KBLI) 2025)"
46731,Perdagangan Besar Bahan Konstruksi dari Logam,"Kelompok ini mencakup perdagangan besar bahan konstruksi dari logam, seperti kawat tali, kawat nyamuk, paku, mur atau baut, engsel, gerendel, kunci, anak kunci, tangki air, menara air, pintu rol/ rolling door , auning/awning.",G,"https://www.bps.go.id (Katalog BPS 1302017, ISBN 978-602-438-530-9, Peraturan BPS No. 7 Tahun 2025 - Klasifikasi Baku Lapangan Usaha Indonesia (KBLI) 2025)"
46732,Perdagangan Besar Kaca Lembaran,"Kelompok ini mencakup perdagangan besar kaca lembaran untuk bahan konstruksi, seperti kaca lembaran bening, kaca lembaran buram, kaca lembaran bening berwarna, dan kaca lembaran berukir.",G,"https://www.bps.go.id (Katalog BPS 1302017, ISBN 978-602-438-530-9, Peraturan BPS No. 7 Tahun 2025 - Klasifikasi Baku Lapangan Usaha Indonesia (KBLI) 2025)"
46733,"Perdagangan Besar Bahan Konstruksi dari Tanah Liat, Kapur, Semen, atau Kaca","Kelompok ini mencakup perdagangan besar bahan konstruksi yang terbuat dari tanah liat, kapur, semen, atau kaca, seperti genteng pres, genteng kodok, batu bata pres, batu bata berongga, bata tahan api, ubin lantai, ubin dinding, ubin batako, termasuk juga lubang angin, bak mandi, kloset, eternit, pipa irigasi dan buis.",G,"https://www.bps.go.id (Katalog BPS 1302017, ISBN 978-602-438-530-9, Peraturan BPS No. 7 Tahun 2025 - Klasifikasi Baku Lapangan Usaha Indonesia (KBLI) 2025)"
46734,"Perdagangan Besar Semen, Kapur, Pasir, dan Batu","Kelompok ini mencakup perdagangan besar semen, kapur, pasir, dan batu untuk bahan konstruksi, seperti semen portland putih, semen portland abu-abu, semen posolan kapur, semen portland posolan, kapur tohor, kapur tembok, pasir, kerikil, koral, batu, batu pecahan, batu lempengan, batu pualam, dan kubus mosaik.",G,"https://www.bps.go.id (Katalog BPS 1302017, ISBN 978-602-438-530-9, Peraturan BPS No. 7 Tahun 2025 - Klasifikasi Baku Lapangan Usaha Indonesia (KBLI) 2025)"
46735,Perdagangan Besar Bahan Konstruksi dari Porselen,"Kelompok ini mencakup perdagangan besar bahan konstruksi dari porselen, seperti kloset, bidet, wastafel, winoir, bak cuci, bak mandi, dan ubin dinding.",G,"https://www.bps.go.id (Katalog BPS 1302017, ISBN 978-602-438-530-9, Peraturan BPS No. 7 Tahun 2025 - Klasifikasi Baku Lapangan Usaha Indonesia (KBLI) 2025)"
46736,Perdagangan Besar Bahan Konstruksi dari Kayu,"Kelompok ini mencakup perdagangan besar bahan konstruksi dari kayu, seperti papan, galar, papan reng, papan lis, tiang telepon, tiang listrik, balok bantalan, kusen pintu/jendela, daun pintu/jendela, ubin kayu, atap kayu (sirap), kayu lapis tripleks, kayu lapis interior, teak wood, papan partikel/particle board, chip board, kayu pelapis, dan kayu lapis untuk cetak beton.",G,"https://www.bps.go.id (Katalog BPS 1302017, ISBN 978-602-438-530-9, Peraturan BPS No. 7 Tahun 2025 - Klasifikasi Baku Lapangan Usaha Indonesia (KBLI) 2025)"
46737,Perdagangan Besar Cat,"Kelompok ini mencakup perdagangan besar berbagai macam cat untuk bahan konstruksi, seperti cat dasar, cat logam, cat kayu, dan cat tembok, termasuk juga perdagangan eceran email, dempul, dan plamir.",G,"https://www.bps.go.id (Katalog BPS 1302017, ISBN 978-602-438-530-9, Peraturan BPS No. 7 Tahun 2025 - Klasifikasi Baku Lapangan Usaha Indonesia (KBLI) 2025)"
46738,Perdagangan Besar Berbagai Macam Material Bangunan,"Kelompok ini mencakup perdagangan besar berbagai macam material bangunan, seperti semen, pasir, paku, dan cat.",G,"https://www.bps.go.id (Katalog BPS 1302017, ISBN 978-602-438-530-9, Peraturan BPS No. 7 Tahun 2025 - Klasifikasi Baku Lapangan Usaha Indonesia (KBLI) 2025)"
46739,"Perdagangan Besar Bahan Konstruksi, Perkakas, Perlengkapan Perpipaan, dan Peralatan Pemanas Lainnya","Kelompok ini mencakup perdagangan besar bahan konstruksi lainnya yang belum tercakup dalam kelompok 46731 s.d. 46738, seperti kertas dinding/wallpaper, pipa dan selang dari plastik, formika, plastik lembaran bergelombang, asbes semen rata, asbes semen berlapis, dan pipa saluran asbes semen, termasuk perdagangan besar perkakas tangan, perkakas tangan bertenaga listrik, pemanas air/water heater, dan boiler.",G,"https://www.bps.go.id (Katalog BPS 1302017, ISBN 978-602-438-530-9, Peraturan BPS No. 7 Tahun 2025 - Klasifikasi Baku Lapangan Usaha Indonesia (KBLI) 2025)"
46741,Perdagangan Besar Mineral bukan Logam,"Kelompok ini mencakup perdagangan besar mineral bukan logam seperti intan, korundum, grafit, arsen, pasir kuarsa, fluorspar, kriolit, yodium, brom, klor, belerang, fosfat, halit, asbes, talk, mika, magnesit, yarosit, oker, fluorit, ball clay, zeolit, kaolin, feldspar, bentonit, gipsum, dolomit, kalsit, rijang, pirofilit, kuarsit, zirkon, wolastonit, tawas, batu kuarsa, perlit, garam batu, tanah liat/clay, dan batu gamping untuk semen.",G,"https://www.bps.go.id (Katalog BPS 1302017, ISBN 978-602-438-530-9, Peraturan BPS No. 7 Tahun 2025 - Klasifikasi Baku Lapangan Usaha Indonesia (KBLI) 2025)"
46742,Perdagangan Besar Mineral Radioaktif,"Kelompok ini mencakup perdagangan besar mineral radioaktif, seperti radium, torium, uranium, monasit, dan bahan galian radioaktif lainnya.",G,"https://www.bps.go.id (Katalog BPS 1302017, ISBN 978-602-438-530-9, Peraturan BPS No. 7 Tahun 2025 - Klasifikasi Baku Lapangan Usaha Indonesia (KBLI) 2025)"
46743,Perdagangan Besar Zat Radioaktif dan Pembangkit Radiasi Pengion,Kelompok ini mencakup perdagangan besar zat radioaktif dan pembangkit radiasi pengion.,G,"https://www.bps.go.id (Katalog BPS 1302017, ISBN 978-602-438-530-9, Peraturan BPS No. 7 Tahun 2025 - Klasifikasi Baku Lapangan Usaha Indonesia (KBLI) 2025)"
46751,Perdagangan Besar Bahan dan Barang Kimia,"Kelompok ini mencakup perdagangan besar berbagai bahan dan barang kimia dasar atau kimia industri selain bahan berbahaya, seperti tinta printer, minyak asiri, gas industri (termasuk hidrogen), perekat kimia, pewarna, resin buatan, metanol, parafin, perasa dan pewangi, soda, garam industri, asam, dan sulfur.",G,"https://www.bps.go.id (Katalog BPS 1302017, ISBN 978-602-438-530-9, Peraturan BPS No. 7 Tahun 2025 - Klasifikasi Baku Lapangan Usaha Indonesia (KBLI) 2025)"
46752,Perdagangan Besar Pupuk dan Produk Agrokimia,Kelompok ini mencakup perdagangan besar pupuk dan produk agrokimia atau kimia pertanian.,G,"https://www.bps.go.id (Katalog BPS 1302017, ISBN 978-602-438-530-9, Peraturan BPS No. 7 Tahun 2025 - Klasifikasi Baku Lapangan Usaha Indonesia (KBLI) 2025)"
46753,Perdagangan Besar Bahan Berbahaya (b2),"Kelompok ini mencakup perdagangan besar bahan yang mempunyai sifat racun (toksisitas), karsinogenik, teratogenik, mutagenik, korosif, dan iritasi, atau disebut bahan berbahaya (B2).",G,"https://www.bps.go.id (Katalog BPS 1302017, ISBN 978-602-438-530-9, Peraturan BPS No. 7 Tahun 2025 - Klasifikasi Baku Lapangan Usaha Indonesia (KBLI) 2025)"
46791,Perdagangan Besar Alat Kesehatan dan Laboratorium untuk Manusia,"Kelompok ini mencakup usaha perdagangan besar alat laboratorium, peralatan medis, bedah, ortopedi, dan sejenisnya untuk manusia.",G,"https://www.bps.go.id (Katalog BPS 1302017, ISBN 978-602-438-530-9, Peraturan BPS No. 7 Tahun 2025 - Klasifikasi Baku Lapangan Usaha Indonesia (KBLI) 2025)"
46792,Perdagangan Besar Alat Kesehatan untuk Hewan,"Kelompok ini mencakup perdagangan besar peralatan laboratorium, diagnosis, bedah, dan sejenisnya untuk hewan yang meliputi kegiatan pemasukan, pengeluaran, dan distribusi.",G,"https://www.bps.go.id (Katalog BPS 1302017, ISBN 978-602-438-530-9, Peraturan BPS No. 7 Tahun 2025 - Klasifikasi Baku Lapangan Usaha Indonesia (KBLI) 2025)"
46793,Perdagangan Besar Karet dan Plastik Dalam Bentuk Dasar,Kelompok ini mencakup perdagangan besar karet dan bahan plastik dalam bentuk dasar.,G,"https://www.bps.go.id (Katalog BPS 1302017, ISBN 978-602-438-530-9, Peraturan BPS No. 7 Tahun 2025 - Klasifikasi Baku Lapangan Usaha Indonesia (KBLI) 2025)"
46794,Perdagangan Besar Kertas dan Karton,Kelompok ini mencakup perdagangan besar kertas dan karton.,G,"https://www.bps.go.id (Katalog BPS 1302017, ISBN 978-602-438-530-9, Peraturan BPS No. 7 Tahun 2025 - Klasifikasi Baku Lapangan Usaha Indonesia (KBLI) 2025)"
46795,Perdagangan Besar Barang dari Kertas dan Karton,"Kelompok ini mencakup perdagangan besar barang dari kertas dan karton, seperti kantong kertas, tisu toilet, popok disposabel, dan pembalut wanita disposabel.",G,"https://www.bps.go.id (Katalog BPS 1302017, ISBN 978-602-438-530-9, Peraturan BPS No. 7 Tahun 2025 - Klasifikasi Baku Lapangan Usaha Indonesia (KBLI) 2025)"
46796,Perdagangan Besar Barang Bekas dan Skrap,"Kelompok ini mencakup perdagangan besar barang bekas, skrap, potongan logam, dan nonlogam bahan untuk daur ulang, termasuk pengumpulan, pengurutan, pemisahan, pelepasan barang yang masih berguna misalnya mobil agar mendapatkan bagian yang masih bisa digunakan, pengepakan dan pengepakan kembali, penyimpanan dan pengiriman, tapi tanpa proses perubahan yang nyata, dengan pembelian dan penjualan barang sisaan masih mempunyai nilai.",G,"https://www.bps.go.id (Katalog BPS 1302017, ISBN 978-602-438-530-9, Peraturan BPS No. 7 Tahun 2025 - Klasifikasi Baku Lapangan Usaha Indonesia (KBLI) 2025)"
46799,Perdagangan Besar Produk Lainnya Ytdl,"Kelompok ini mencakup perdagangan besar produk lainnya yang belum tercakup dalam salah satu kelompok perdagangan besar di atas, seperti: - perdagangan besar serat atau fiber tekstil; - perdagangan besar batu mulia (berlian, intan, safir dan lain-lain); - perdagangan besar e-liquid untuk rokok elektrik; - perdagangan besar kemasan kayu (bentuk kotak, peti, drum, dan lainnya); gulungan kabel dari kayu; palet dan papan angkut lainnya dari kayu.",G,"https://www.bps.go.id (Katalog BPS 1302017, ISBN 978-602-438-530-9, Peraturan BPS No. 7 Tahun 2025 - Klasifikasi Baku Lapangan Usaha Indonesia (KBLI) 2025)"
46901,Perdagangan Besar Berbagai Macam Barang di Grosir/perkulakan Swalayan,"Kelompok ini mencakup kegiatan perdagangan besar berbagai macam barang tanpa spesialisasi tertentu, dengan harga yang telah ditentukan, serta pembeli mengambil sendiri barang dan membayar di meja kasir.",G,"https://www.bps.go.id (Katalog BPS 1302017, ISBN 978-602-438-530-9, Peraturan BPS No. 7 Tahun 2025 - Klasifikasi Baku Lapangan Usaha Indonesia (KBLI) 2025)"
47111,"Perdagangan Eceran Berbagai Macam Barang yang Utamanya Makanan, Minuman, atau Tembakau dengan Sistem Swalayan","Kelompok ini mencakup perdagangan eceran berbagai jenis barang kebutuhan yang utamanya bahan makanan, makanan, minuman, atau tembakau dengan harga yang sudah ditentukan serta pembeli mengambil dan membayar sendiri kepada kasir ( self service/swalayan). Di samping itu, kegiatan ini juga dapat melakukan perdagangan eceran beberapa barang bukan makanan seperti perabot rumah tangga, mainan anak - anak, obat-obatan, alat kesehatan, dan pakaian, namun tetap didominasi oleh barang makanan, minuman, at au tembakau misa lnya minimarket, supermarket, atau hipermarket.",G,"https://www.bps.go.id (Katalog BPS 1302017, ISBN 978-602-438-530-9, Peraturan BPS No. 7 Tahun 2025 - Klasifikasi Baku Lapangan Usaha Indonesia (KBLI) 2025)"
47112,"Perdagangan Eceran Berbagai Macam Barang yang Utamanya Makanan, Minuman, atau Tembakau Selain dengan Sistem Swalayan","Kelompok ini mencakup perdagangan eceran berbagai jenis barang kebutuhan yang utamanya bahan makanan/makanan, minuman atau tembakau bukan dengan sistem swalayan/minimarket/supermarket/hypermarket. Di samping itu, kegiatan ini juga dapat melakukan penjualan beberapa barang bukan makanan seperti pakaian, perabot rumah tangga, dan mainan anak, misalnya warung atau toko bahan kebutuhan pokok.",G,"https://www.bps.go.id (Katalog BPS 1302017, ISBN 978-602-438-530-9, Peraturan BPS No. 7 Tahun 2025 - Klasifikasi Baku Lapangan Usaha Indonesia (KBLI) 2025)"
47191,"Perdagangan Eceran Berbagai Macam Barang yang Utamanya bukan Makanan, Minuman, atau Tembakau dengan Sistem Swalayan","Kelompok ini mencakup perdagangan eceran berbagai jenis barang yang utamanya bukan makanan, minuman atau tembakau dengan sistem swalayan, seperti department store (toserba). Pada umumnya, barang - barang yang diperdagangkan antara lain pakaian, mebel, perhiasan, mainan anak-anak, alat-alat olahraga, dan kosmetik.",G,"https://www.bps.go.id (Katalog BPS 1302017, ISBN 978-602-438-530-9, Peraturan BPS No. 7 Tahun 2025 - Klasifikasi Baku Lapangan Usaha Indonesia (KBLI) 2025)"
47192,"Perdagangan Eceran Berbagai Macam Barang yang Utamanya bukan Makanan, Minuman, atau Tembakau Selain dengan Sistem Swalayan","Kelompok ini mencakup perdagangan eceran berbagai jenis barang yang utamanya bukan makanan, minuman atau tembakau selain dengan sistem swalayan. Pada umumnya, barang -barang yang diperdagangkan antara lain pakaian, perabot rumah tangga, perhiasan, mainan anak-anak dan kosmetik, yang terintegrasi di bawah satu pengelolaan, misalnya toko barang kelontong.",G,"https://www.bps.go.id (Katalog BPS 1302017, ISBN 978-602-438-530-9, Peraturan BPS No. 7 Tahun 2025 - Klasifikasi Baku Lapangan Usaha Indonesia (KBLI) 2025)"
47211,Perdagangan Eceran Padi dan Palawija,"Kelompok ini mencakup perdagangan eceran khusus padi dan palawija, seperti gabah, jagung, ubi jalar, ubi kayu, talas, kacang kedelai, kacang tanah, kacang hitam, dan kacang polong.",G,"https://www.bps.go.id (Katalog BPS 1302017, ISBN 978-602-438-530-9, Peraturan BPS No. 7 Tahun 2025 - Klasifikasi Baku Lapangan Usaha Indonesia (KBLI) 2025)"
47212,Perdagangan Eceran Buah-buahan,"Kelompok ini mencakup perdagangan eceran khusus buah -buahan, seperti apel, anggur, alpukat, belimbing, duku, durian, jambu, jeruk, mangga, manggis, nanas, pisang, pepaya, rambutan, sawo, salak, dan semangka.",G,"https://www.bps.go.id (Katalog BPS 1302017, ISBN 978-602-438-530-9, Peraturan BPS No. 7 Tahun 2025 - Klasifikasi Baku Lapangan Usaha Indonesia (KBLI) 2025)"
47213,Perdagangan Eceran Sayuran,"Kelompok ini mencakup perdagangan eceran khusus sayuran, seperti bawang merah, bawang putih, kentang, wortel, terung, buncis, mentimun, labu siam, kacang panjang, dan kacang merah.",G,"https://www.bps.go.id (Katalog BPS 1302017, ISBN 978-602-438-530-9, Peraturan BPS No. 7 Tahun 2025 - Klasifikasi Baku Lapangan Usaha Indonesia (KBLI) 2025)"
47214,Perdagangan Eceran Hasil Peternakan,"Kelompok ini mencakup perdagangan eceran khusus hasil peternakan, seperti susu, telur, daging ternak, dan daging unggas.",G,"https://www.bps.go.id (Katalog BPS 1302017, ISBN 978-602-438-530-9, Peraturan BPS No. 7 Tahun 2025 - Klasifikasi Baku Lapangan Usaha Indonesia (KBLI) 2025)"
47215,Perdagangan Eceran Hasil Perikanan,"Kelompok ini mencakup perdagangan eceran khusus hasil perikanan, seperti udang segar, ikan segar, cumi-cumi segar, dan rumput laut.",G,"https://www.bps.go.id (Katalog BPS 1302017, ISBN 978-602-438-530-9, Peraturan BPS No. 7 Tahun 2025 - Klasifikasi Baku Lapangan Usaha Indonesia (KBLI) 2025)"
47216,Perdagangan Eceran Hasil Kehutanan dan Perburuan,"Kelompok ini mencakup perdagangan eceran khusus komoditas hasil hutan dan perburuan, seperti kijang, buah kenari, dan bambu muda (rebung).",G,"https://www.bps.go.id (Katalog BPS 1302017, ISBN 978-602-438-530-9, Peraturan BPS No. 7 Tahun 2025 - Klasifikasi Baku Lapangan Usaha Indonesia (KBLI) 2025)"
47219,Perdagangan Eceran Hasil Pertanian Lainnya,"Kelompok ini mencakup usaha perdagangan eceran khusus komoditas hasil pertanian yang belum tercakup dalam kelompok 47211 s.d. 47216, seperti lada, pala, kunyit, kencur, temulawak, lengkuas, dan madu,",G,"https://www.bps.go.id (Katalog BPS 1302017, ISBN 978-602-438-530-9, Peraturan BPS No. 7 Tahun 2025 - Klasifikasi Baku Lapangan Usaha Indonesia (KBLI) 2025)"
47221,Perdagangan Eceran Minuman Beralkohol,"Kelompok ini mencakup perdagangan eceran khusus minuman beralkohol di dalam bangunan yang tidak langsung diminum di tempat, seperti minuman keras (wiski/ whisky, genever, brendi/ brandy, gin, arak, rum, sake, tuak), wine dan minuman yang mengandung malt (bir, ale, stout, temulawak). Kegiatan ini dapat dilakukan di dalam bangunan maupun di lokasi lain seperti pinggir jalan (kaki lima), serambi toko (emper), tempat tetap di pasar yang bersifat fleksibel dan dapat dipindah -pindah (los pasar), dan media lainnya, termasuk melalui internet.",G,"https://www.bps.go.id (Katalog BPS 1302017, ISBN 978-602-438-530-9, Peraturan BPS No. 7 Tahun 2025 - Klasifikasi Baku Lapangan Usaha Indonesia (KBLI) 2025)"
47222,Perdagangan Eceran Minuman Tidak Beralkohol,"Kelompok ini mencakup usaha perdagangan eceran khusus minuman tidak beralkohol yang tidak dikonsumsi langsung di tempat, seperti minuman ringan (limun, air soda, markisa, teh botol, air mineral, dan beras kencur), minuman kopi, dan berbagai jenis minuman t idak beralkohol lainnya yang tidak langsung diminum di tempat. Kegiatan ini dapat dilakukan di dalam bangunan maupun di lokasi lain seperti pinggir jalan (kaki lima), serambi toko (emper), tempat tetap di pasar yang bersifat fleksibel dan dapat dipindah -pindah (los pasar), dan media lainnya, termasuk melalui internet.",G,"https://www.bps.go.id (Katalog BPS 1302017, ISBN 978-602-438-530-9, Peraturan BPS No. 7 Tahun 2025 - Klasifikasi Baku Lapangan Usaha Indonesia (KBLI) 2025)"
47230,Perdagangan Eceran Rokok dan Tembakau,"Kelompok ini mencakup: - perdagangan eceran tembakau dalam berbagai bentuk, seperti rokok kretek, rokok putih, rokok cerutu, rokok kelembak, tembakau krosok, tembakau susur, dan tembakau pipa/papier; - perdagangan eceran produk dan aksesori rokok, seperti pemantik, cangklong, alat linting rokok; - perdagangan eceran rokok elektrik dan cairan rokok elektrik ( e- liquid).",G,"https://www.bps.go.id (Katalog BPS 1302017, ISBN 978-602-438-530-9, Peraturan BPS No. 7 Tahun 2025 - Klasifikasi Baku Lapangan Usaha Indonesia (KBLI) 2025)"
47241,Perdagangan Eceran Beras,"Kelompok ini mencakup perdagangan eceran khusus berbagai jenis beras, seperti beras cianjur, beras cisadane, beras saigon, dan beras ketan.",G,"https://www.bps.go.id (Katalog BPS 1302017, ISBN 978-602-438-530-9, Peraturan BPS No. 7 Tahun 2025 - Klasifikasi Baku Lapangan Usaha Indonesia (KBLI) 2025)"
47242,"Perdagangan Eceran Roti, Kue Kering, Serta Kue Basah dan Sejenisnya","Kelompok ini mencakup perdagangan eceran khusus berbagai jenis roti, kue kering dan kue basah, seperti roti manis, roti tawar, bolu, kue, kue tar, biskuit, wafer, kue semprong, dan kukis.",G,"https://www.bps.go.id (Katalog BPS 1302017, ISBN 978-602-438-530-9, Peraturan BPS No. 7 Tahun 2025 - Klasifikasi Baku Lapangan Usaha Indonesia (KBLI) 2025)"
47243,"Perdagangan Eceran Kopi, Gula Pasir, Gula Merah, dan Sejenisnya","Kelompok ini mencakup perdagangan eceran khusus kopi, gula pasir, gula merah, dan teh.",G,"https://www.bps.go.id (Katalog BPS 1302017, ISBN 978-602-438-530-9, Peraturan BPS No. 7 Tahun 2025 - Klasifikasi Baku Lapangan Usaha Indonesia (KBLI) 2025)"
47244,"Perdagangan Eceran Tahu, Tempe, Tauco, dan Oncom","Kelompok ini mencakup perdagangan eceran khusus tahu, tempe, tauco, dan oncom.",G,"https://www.bps.go.id (Katalog BPS 1302017, ISBN 978-602-438-530-9, Peraturan BPS No. 7 Tahun 2025 - Klasifikasi Baku Lapangan Usaha Indonesia (KBLI) 2025)"
47245,Perdagangan Eceran Daging Olahan,"Kelompok ini mencakup perdagangan eceran khusus berbagai jenis produk daging olahan (daging sapi, babi, unggas, domba, kelinci, kambing, unta, dan daging segar lainnya), seperti sosis, bakso, dan abon.",G,"https://www.bps.go.id (Katalog BPS 1302017, ISBN 978-602-438-530-9, Peraturan BPS No. 7 Tahun 2025 - Klasifikasi Baku Lapangan Usaha Indonesia (KBLI) 2025)"
47246,Perdagangan Eceran Ikan Olahan,"Kelompok ini mencakup perdagangan eceran berbagai jenis produk olahan ikan, udang, dan kerang yang diasinkan atau dikeringkan di dalam bangunan, seperti sosis, bakso, abon, serta olahan ikan teri, cucut, selar, kerapu, udang, rebon, petek, gabus, sepat, cumi-cumi, kepah, remis, dan kerang.",G,"https://www.bps.go.id (Katalog BPS 1302017, ISBN 978-602-438-530-9, Peraturan BPS No. 7 Tahun 2025 - Klasifikasi Baku Lapangan Usaha Indonesia (KBLI) 2025)"
47249,Perdagangan Eceran Makanan Lainnya,"Kelompok ini mencakup perdagangan eceran khusus komoditas makanan hasil industri yang belum tercakup dalam kelompok 47241 s.d. 47246, seperti asinan buah-buahan dan sayuran, buah-buahan dan sayuran yang diawetkan, kerupuk, dan emping/ceriping.",G,"https://www.bps.go.id (Katalog BPS 1302017, ISBN 978-602-438-530-9, Peraturan BPS No. 7 Tahun 2025 - Klasifikasi Baku Lapangan Usaha Indonesia (KBLI) 2025)"
47301,Perdagangan Eceran Bahan Bakar di Sarana Pengisian Bahan Bakar,"Kelompok ini mencakup perdagangan eceran bahan bakar minyak, bahan bakar gas, gas minyak cair (LPG), gas alam cair (LNG), atau jenis bahan bakar lain (misalnya hidrogen) di sarana pengisian bahan bakar untuk transportasi darat, laut, dan udara (seperti SPBU, SPBG, dan SPBH) untuk kendaraan bermotor seperti mobil dan sepeda motor, termasuk pula bahan bakar untuk kapal cepat/speed boat dan genset. Pada umumnya, kegiatan ini dikombinasikan dengan penjualan bahan -bahan pelumas, produk pendingin, bahan -bahan pem bersih, dan barang -barang lain untuk keperluan mobil dan sepeda motor. Kelompok ini tidak mencakup - perdagangan besar bahan bakar, lihat kelompok 46710; - perdagangan eceran LPG dan bahan bakar untuk keperluan memasak atau pemanas, lihat kelompok 47772.",G,"https://www.bps.go.id (Katalog BPS 1302017, ISBN 978-602-438-530-9, Peraturan BPS No. 7 Tahun 2025 - Klasifikasi Baku Lapangan Usaha Indonesia (KBLI) 2025)"
47302,Perdagangan Eceran Bahan Bakar Selain di Sarana Pengisian Bahan Bakar,"Kelompok ini mencakup perdagangan eceran bahan bakar minyak, bahan bakar gas, gas minyak cair (LPG), gas alam cair (LNG), gas alam termampat (CNG), atau jenis bahan bakar lain selain di sarana pengisian bahan bakar untuk transportasi darat, laut, dan udara, seperti agen BBM, agen LPG, baik yang disertai penjualan minyak pelumas maupun tidak. Perdagangan eceran bahan bakar untuk mobil dan sepeda motor di SPBU dimasukkan dalam kelompok 47301.",G,"https://www.bps.go.id (Katalog BPS 1302017, ISBN 978-602-438-530-9, Peraturan BPS No. 7 Tahun 2025 - Klasifikasi Baku Lapangan Usaha Indonesia (KBLI) 2025)"
47303,Perdagangan Eceran Minyak Pelumas,Kelompok ini mencakup perdagangan eceran minyak pelumas dan produk pendingin untuk kendaraan bermotor.,G,"https://www.bps.go.id (Katalog BPS 1302017, ISBN 978-602-438-530-9, Peraturan BPS No. 7 Tahun 2025 - Klasifikasi Baku Lapangan Usaha Indonesia (KBLI) 2025)"
47401,Perdagangan Eceran Komputer dan Perlengkapannya,"Kelompok ini mencakup perdagangan eceran khusus macam -macam komputer, peralatan dan perlengkapannya, seperti komputer pribadi/personal computer (PC), laptop, printer, mesin fotokopi, papan tulis interaktif, dan peralatan konferensi video.",G,"https://www.bps.go.id (Katalog BPS 1302017, ISBN 978-602-438-530-9, Peraturan BPS No. 7 Tahun 2025 - Klasifikasi Baku Lapangan Usaha Indonesia (KBLI) 2025)"
47402,Perdagangan Eceran Peralatan dan Produk Gim Video Serta Sejenisnya,"Kelompok ini mencakup perdagangan eceran peralatan konsol gim video dan produk gim video dalam bentuk fisik seperti cartridge, CD, DVD, atau bentuk lainnya.",G,"https://www.bps.go.id (Katalog BPS 1302017, ISBN 978-602-438-530-9, Peraturan BPS No. 7 Tahun 2025 - Klasifikasi Baku Lapangan Usaha Indonesia (KBLI) 2025)"
47403,Perdagangan Eceran Perangkat Lunak (software),"Kelompok ini mencakup perdagangan eceran khusus perangkat lunak (software), seperti bermacam perangkat lunak yang disediakan dalam bentuk fisik dengan hak penggunaan terus menerus.",G,"https://www.bps.go.id (Katalog BPS 1302017, ISBN 978-602-438-530-9, Peraturan BPS No. 7 Tahun 2025 - Klasifikasi Baku Lapangan Usaha Indonesia (KBLI) 2025)"
47404,Perdagangan Eceran Telepon Beserta Aksesorisnya,"Kelompok ini mencakup perdagangan eceran telepon, seperti telepon genggam, telepon pintar, dan pesawat telepon beserta aksesorisnya (layar antigores, casing atau pelindung, pengecas, dan perangkat bebas genggam).",G,"https://www.bps.go.id (Katalog BPS 1302017, ISBN 978-602-438-530-9, Peraturan BPS No. 7 Tahun 2025 - Klasifikasi Baku Lapangan Usaha Indonesia (KBLI) 2025)"
47405,Perdagangan Eceran Mesin dan Peralatan Kantor,"Kelompok ini mencakup perdagangan eceran khusus mesin kantor selain komputer, seperti mesin ketik, mesin hitung, dan mesin kasir.",G,"https://www.bps.go.id (Katalog BPS 1302017, ISBN 978-602-438-530-9, Peraturan BPS No. 7 Tahun 2025 - Klasifikasi Baku Lapangan Usaha Indonesia (KBLI) 2025)"
47406,Perdagangan Eceran Peralatan Audio dan Video,"Kelompok ini mencakup perdagangan eceran khusus peralatan audio dan video, seperti radio, televisi, video, perekam pita/tape recorder, penguat audio/amplifier dan perekam kaset/cassete recorder, termasuk peralatan stereo, media yang dapat direkam, dan peralatan perekam dan pemutar CD dan DVD.",G,"https://www.bps.go.id (Katalog BPS 1302017, ISBN 978-602-438-530-9, Peraturan BPS No. 7 Tahun 2025 - Klasifikasi Baku Lapangan Usaha Indonesia (KBLI) 2025)"
47511,Perdagangan Eceran Tekstil,"Kelompok ini mencakup perdagangan eceran tekstil, seperti macam - macam kain terbuat dari serat alam, sintetis, maupun campuran, kain tenun (kain sarung katun, kain sarung poliester, kain suiting sutera, kain suiting serat campuran), kain cetak (kain cetak k apas, kain cetak poliamida, kain kedap air), kain batik (kain batik tulis, kain batik cap, kain batik kombinasi tulis dan cap) dan kain rajut (kain rajut wol, kain rajut rayon, kain rajut wol/kapas), termasuk perdagangan eceran bahan dasar untuk pembuatan permadani, permadani hiasan dinding, dan bordiran atau sulaman.",G,"https://www.bps.go.id (Katalog BPS 1302017, ISBN 978-602-438-530-9, Peraturan BPS No. 7 Tahun 2025 - Klasifikasi Baku Lapangan Usaha Indonesia (KBLI) 2025)"
47512,Perdagangan Eceran Perlengkapan Rumah Tangga dari Tekstil,"Kelompok ini mencakup perdagangan eceran khusus perlengkapan rumah tangga dari tekstil, seperti taplak meja, seprai, terpal, sarung bantal, kelambu, kain kasur, kain bantal, kain pel, dan linen rumah tangga, termasuk bantal dan guling.",G,"https://www.bps.go.id (Katalog BPS 1302017, ISBN 978-602-438-530-9, Peraturan BPS No. 7 Tahun 2025 - Klasifikasi Baku Lapangan Usaha Indonesia (KBLI) 2025)"
47513,Perdagangan Eceran Perlengkapan Jahit Menjahit,"Kelompok ini mencakup perdagangan eceran perlengkapan jahit menjahit, seperti benang dan jarum jahit.",G,"https://www.bps.go.id (Katalog BPS 1302017, ISBN 978-602-438-530-9, Peraturan BPS No. 7 Tahun 2025 - Klasifikasi Baku Lapangan Usaha Indonesia (KBLI) 2025)"
47521,Perdagangan Eceran Bahan dan Material Konstruksi,"Kelompok ini mencakup - perdagangan eceran bahan konstruksi dari logam, seperti kawat tali, kawat nyamuk, paku, mur atau baut, engsel, gerendel, kunci, anak kunci, tangki air, menara air, pintu rol/ rolling door, auning/awning dan seng lembaran; - perdagangan eceran bahan konstruksi dari porselen, seperti kloset, bidet, wastafel, winoir, bak cuci, bak mandi, dan ubin dinding; - perdagangan eceran bahan konstruksi dari kayu, seperti papan, galar, papan reng, papan lis, tiang telepon, tiang listrik, balok bantalan, kusen/pintu jendela, daun pintu/jendela, ubin kayu, atap kayu (sirap), kayu lapis tripleks, kayu lapis interior, teak wood , papan partikel/ particle board, papan cip/ chip board, kayu pelapis, dan kayu lapis untuk cetak beton; - perdagangan eceran bahan konstruksi dari tanah liat, kapur, semen, atau kaca seperti genteng pres, genteng kodok, batu bata pres, batu bata berongga, batu tahan api, ubin lantai, ubin dinding, ubin batako, lubang angin, bak mandi, kloset, eternit, pipa irigasi, dan buis; - perdagangan eceran material bangunan lainnya, seperti pipa dan selang dari plastik, formika, plastik lembaran bergelombang, asbes semen rata, asbes semen berlapis, pipa saluran asbes semen, semen, kapur, pasir, batu, paku, dan peralatan sanitasi.",G,"https://www.bps.go.id (Katalog BPS 1302017, ISBN 978-602-438-530-9, Peraturan BPS No. 7 Tahun 2025 - Klasifikasi Baku Lapangan Usaha Indonesia (KBLI) 2025)"
47522,Perdagangan Eceran Kaca Lembaran,"Kelompok ini mencakup perdagangan eceran kaca lembaran untuk bahan konstruksi, seperti kaca lembaran bening, kaca lembaran buram, kaca lembaran bening berwarna, dan kaca lembaran berukir.",G,"https://www.bps.go.id (Katalog BPS 1302017, ISBN 978-602-438-530-9, Peraturan BPS No. 7 Tahun 2025 - Klasifikasi Baku Lapangan Usaha Indonesia (KBLI) 2025)"
47523,Perdagangan Eceran Perkakas dan Peralatan Pertukangan,"Kelompok ini mencakup perdagangan eceran perkakas dan peralatan tukang, baik yang digerakkan dengan tangan maupun dengan tenaga listrik, seperti palu, gergaji, dan obeng.",G,"https://www.bps.go.id (Katalog BPS 1302017, ISBN 978-602-438-530-9, Peraturan BPS No. 7 Tahun 2025 - Klasifikasi Baku Lapangan Usaha Indonesia (KBLI) 2025)"
47524,Perdagangan Eceran Peralatan Keselamatan dan Gawat Darurat,"Kelompok ini mencakup perdagangan eceran peralatan gawat darurat, seperti alarm kebakaran, baik elektrik maupun elektronik, alat pemadam kebakaran, blok gawat darurat, sistem penyedot asap, brankas, dan lemari besi, tanpa jasa pemasangan atau perawatan.",G,"https://www.bps.go.id (Katalog BPS 1302017, ISBN 978-602-438-530-9, Peraturan BPS No. 7 Tahun 2025 - Klasifikasi Baku Lapangan Usaha Indonesia (KBLI) 2025)"
47525,"Perdagangan Eceran Cat, Pernis dan Lakeri","Kelompok ini mencakup perdagangan eceran berbagai macam cat dan pelapis lainnya untuk bahan konstruksi, seperti cat dasar, cat logam, cat kayu, cat tembok, email, dempul, plamir, pernis, dan lakeri.",G,"https://www.bps.go.id (Katalog BPS 1302017, ISBN 978-602-438-530-9, Peraturan BPS No. 7 Tahun 2025 - Klasifikasi Baku Lapangan Usaha Indonesia (KBLI) 2025)"
47526,Perdagangan Eceran Bahan-bahan Energi Terbarukan,"Kelompok ini mencakup perdagangan eceran bahan -bahan energi terbarukan, seperti kolektor surya yang bukan menghasilkan tenaga listrik, panel fotovoltaik, dan bahan lainnya tanpa jasa instalasi.",G,"https://www.bps.go.id (Katalog BPS 1302017, ISBN 978-602-438-530-9, Peraturan BPS No. 7 Tahun 2025 - Klasifikasi Baku Lapangan Usaha Indonesia (KBLI) 2025)"
47530,"Perdagangan Eceran Karpet, Permadani, Serta Penutup Dinding dan Lantai","Kelompok ini mencakup - perdagangan eceran karpet dan permadani; - perdagangan eceran tirai dan gorden; - perdagangan eceran penutup dinding dan lantai seperti kertas dinding, ubin, laminasi, dan lantai vinil; Kelompok ini tidak mencakup - perdagangan eceran ubin lantai (bahan bangunan) ubin, laminasi, dan vinil, lihat subgolongan 4752.",G,"https://www.bps.go.id (Katalog BPS 1302017, ISBN 978-602-438-530-9, Peraturan BPS No. 7 Tahun 2025 - Klasifikasi Baku Lapangan Usaha Indonesia (KBLI) 2025)"
47591,Perdagangan Eceran Furnitur,"Kelompok ini mencakup perdagangan eceran furnitur, seperti meja, kursi, lemari, tempat tidur, rak buku, rak sepatu, bufet, kasur, dan dipan kasur.",G,"https://www.bps.go.id (Katalog BPS 1302017, ISBN 978-602-438-530-9, Peraturan BPS No. 7 Tahun 2025 - Klasifikasi Baku Lapangan Usaha Indonesia (KBLI) 2025)"
47592,"Perdagangan Eceran Peralatan Listrik Rumah Tangga, Peralatan Penerangan, dan Perlengkapannya","Kelompok ini mencakup perdagangan eceran peralatan listrik rumah tangga dan perlengkapan penerangan, seperti mesin cuci, lemari es, kipas angin, alat pengisap debu, alat penggosok lantai, pengocok/mixer, setrika listrik, blender, lampu pijar, lampu neon, starter, ballast, reflektor, kabel, sakelar, stop kontak, fiting, dan sekring. 47593 PERDAGANGAN ECERAN BARANG PECAH BELAH; PERLENGKAPAN DAPUR DAN MAKAN Kelompok ini mencakup perdagangan eceran barang pecah belah dan perlengkapan dapur dan makan, seperti piring, pisin, mangkuk, cangkir, teko, sendok, garpu, rantang, stoples, botol susu bayi, panci, baki, ember, termos, jerigen, teko, kendi, periuk, cobek, tempayan, lumpang, asbak, alu, lesung, parutan kelapa, talenan, papan gilesan, centong, bakul, tampah, kukusan, kipas tangan untuk masak, tudung saji, tusukan sate, dan penggiling daging.",G,"https://www.bps.go.id (Katalog BPS 1302017, ISBN 978-602-438-530-9, Peraturan BPS No. 7 Tahun 2025 - Klasifikasi Baku Lapangan Usaha Indonesia (KBLI) 2025)"
47594,Perdagangan Eceran Alat Musik,"Kelompok ini mencakup perdagangan eceran alat musik, baik alat musik tradisional maupun alat musik modern, seperti kecapi, seruling bambu, calung, angklung, kolintang, gamelan, set, rebab, rebana, tifa, sasando, seruling (flute), saksofon, harmonika, trombon, gitar, mandolin, ukulele, harpa, bas, gambus, biola, selo, piano, organ, drum, dan garpu tala.",G,"https://www.bps.go.id (Katalog BPS 1302017, ISBN 978-602-438-530-9, Peraturan BPS No. 7 Tahun 2025 - Klasifikasi Baku Lapangan Usaha Indonesia (KBLI) 2025)"
47599,Perdagangan Eceran Peralatan dan Perlengkapan Rumah Tangga Lainnya Ytdl,"Kelompok ini mencakup perdagangan eceran peralatan dan perlengkapan rumah tangga lainnya dalam subgolongan 4759 yang tidak diklasifikasikan di tempat lain, seperti sapu lidi, sapu ijuk, sikat, keset, dan alat/kain pel.",G,"https://www.bps.go.id (Katalog BPS 1302017, ISBN 978-602-438-530-9, Peraturan BPS No. 7 Tahun 2025 - Klasifikasi Baku Lapangan Usaha Indonesia (KBLI) 2025)"
47611,Perdagangan Eceran Alat Tulis Menulis dan Gambar,"Kelompok ini mencakup perdagangan eceran alat tulis -menulis dan gambar, seperti pensil, pulpen, spidol, balpoin, sign pen, pensil mekanik, jangka, kuas gambar, rapido, krayon dan pastel, papan tulis, meja gambar, white board, alat -alat sablon, pita mesin tulis, cat air, cat minyak, karet penghapus, kayu penghapus, cairan atau pita koreksi, tinta, pengasah pensil, penggaris, dan kapur tulis.",G,"https://www.bps.go.id (Katalog BPS 1302017, ISBN 978-602-438-530-9, Peraturan BPS No. 7 Tahun 2025 - Klasifikasi Baku Lapangan Usaha Indonesia (KBLI) 2025)"
47612,Perdagangan Eceran Hasil Pencetakan dan Penerbitan,"Kelompok ini mencakup perdagangan eceran hasil pencetakan dan penerbitan, seperti faktur, nota, kuitansi, kartu nama, etiket, amplop, agenda, buku alamat, kartu ucapan, kartu pos, prangko, meterai, album, buku tulis, buku gambar, kertas bergaris, kertas gr afik, atlas, huruf Braille, surat kabar, majalah, buletin, kamus, buku ilmu pengetahuan, dan buku bergambar.",G,"https://www.bps.go.id (Katalog BPS 1302017, ISBN 978-602-438-530-9, Peraturan BPS No. 7 Tahun 2025 - Klasifikasi Baku Lapangan Usaha Indonesia (KBLI) 2025)"
47613,"Perdagangan Eceran Kertas, Kertas Karton, dan Barang dari Kertas/karton","Kelompok ini mencakup perdagangan eceran kertas, karton dan barang dari kertas/karton, seperti kertas HVS, kertas doorslag, kertas kraft, kertas tipis, kertas kalkir, kertas berwarna, karton manila, karton buffalo skin, karton serat ( fiber board), kertas pembungkus ( wrapping), karton kemasan untuk makanan/minuman, kantong kertas, kertas/karton berlapis, kertas surat ( stationary), stensil sheet , kertas karbon, dan kertas duplikator.",G,"https://www.bps.go.id (Katalog BPS 1302017, ISBN 978-602-438-530-9, Peraturan BPS No. 7 Tahun 2025 - Klasifikasi Baku Lapangan Usaha Indonesia (KBLI) 2025)"
47620,Perdagangan Eceran Peralatan dan Perlengkapan Olahraga,"Kelompok ini mencakup - perdagangan eceran peralatan dan perlengkapan olahraga, termasuk peralatan memancing, senjata dan amunisi untuk berburu, barang untuk kemah, dan lain-lain; - perdagangan eceran perahu; - perdagangan eceran sepeda, termasuk sepeda listrik, sepeda roda satu, hoverboard, otopet, segway; - perdagangan eceran alas kaki olahraga khusus, misalnya sepatu sepak bola, sepatu luncur es, dan bot ski; - perdagangan eceran pakaian peralatan olahraga khusus untuk ski, seni bela diri, balet, dan lain-lain; - perdagangan eceran parasut, tenda, kantung tidur, dan lain-lain. Kelompok ini tidak mencakup - perdagangan eceran alas kaki olahraga tidak khusus/terspesialisasi, misalnya sepatu tenis, sepatu basket, sepatu gym, sepatu latihan dan lain-lain, lihat subgolongan 4771.",G,"https://www.bps.go.id (Katalog BPS 1302017, ISBN 978-602-438-530-9, Peraturan BPS No. 7 Tahun 2025 - Klasifikasi Baku Lapangan Usaha Indonesia (KBLI) 2025)"
47630,Perdagangan Eceran Alat Permainan dan Mainan,"Kelompok ini mencakup - perdagangan eceran alat permainan dan mainan dari berbagai bahan, seperti boneka, kelereng, bekel, congklak, scrabble, karambol, mainan yang berupa alat musik, mobil -mobilan, mainan berupa senjata, mainan berupa alat memasak dan mainan berupa perabotan rumah tangga; - perdagangan eceran peralatan pesta, misalnya kostum penyamaran, topeng, suvenir pesta (dandanan, alat lelucon, dan lain-lain) dan alat sulap. Kelompok ini juga mencakup - perdagangan eceran mainan drone. Kelompok ini tidak mencakup - perdagangan eceran konsol gim dan gim video dalam media fisik, lihat subgolongan 4740; - perdagangan eceran alat permainan dan mainan bekas, lihat subgolongan 4774; - pendistribusian video game melalui pengaliran ( streaming) dan pengunduhan oleh pihak penerbitnya, lihat subgolongan 5821; - pendistribusian audio melalui pengaliran ( streaming) dan pengunduhan oleh pihak penerbitnya, lihat subgolongan 5920; - penerbitan dan edisi alat permainan, permainan papan, lihat subgolongan 5819; - platform distribusi dan berbagi konten untuk gim video, lihat subgolongan 6039.",G,"https://www.bps.go.id (Katalog BPS 1302017, ISBN 978-602-438-530-9, Peraturan BPS No. 7 Tahun 2025 - Klasifikasi Baku Lapangan Usaha Indonesia (KBLI) 2025)"
47690,Perdagangan Eceran Khusus Barang Kesenian dan Rekreasi Ytdl,"Kelompok ini mencakup - perdagangan eceran rekaman media; - perdagangan eceran instrumen musik, partitur dan aksesoris terkait, misalnya senar, penyangga (music stands), metronom; - perdagangan eceran filateli, numismatik dan barang koleksi seperti prangko dan koin; - aktivitas galeri seni komersial. Kelompok ini juga mencakup - perdagangan eceran perlengkapan seni, termasuk manik -manik, tanah liat, kanvas, cat minyak dan air, dan lain-lain. Kelompok ini tidak mencakup - perdagangan eceran gim video dalam bentuk media fisik, lihat subgolongan 4740; - perdagangan eceran suvenir, kerajinan tangan dan barang keagamaan, lihat subgolongan 4778; - perdagangan eceran barang antik, buku bekas dan buku antik, instrumen musik bekas, dan rekaman media bekas, lihat subgolongan 4774; - pendistribusian audio melalui media pengaliran ( streaming) dan pengunduhan oleh penerbitnya, lihat subgolongan 5920.",G,"https://www.bps.go.id (Katalog BPS 1302017, ISBN 978-602-438-530-9, Peraturan BPS No. 7 Tahun 2025 - Klasifikasi Baku Lapangan Usaha Indonesia (KBLI) 2025)"
47711,Perdagangan Eceran Pakaian,"Kelompok ini mencakup perdagangan eceran pakaian, baik terbuat dari tekstil, kulit, maupun kulit buatan, seperti kemeja, celana, jas, mantel, jaket, piyama, kebaya, blus, rok, daster, singlet, kutang/bra, gaun, rok dalam, baju bayi, pakaian tari, pakaian a dat, mukena, dan jubah. Kelompok ini juga mencakup perdagangan eceran pakaian olahraga umum yang tidak dirancang khusus untuk olahraga tertentu.",G,"https://www.bps.go.id (Katalog BPS 1302017, ISBN 978-602-438-530-9, Peraturan BPS No. 7 Tahun 2025 - Klasifikasi Baku Lapangan Usaha Indonesia (KBLI) 2025)"
47712,"Perdagangan Eceran Sepatu, Sandal, dan Alas Kaki Lainnya","Kelompok ini mencakup perdagangan eceran khusus sepatu, sandal dan alas kaki lainnya baik terbuat dari kulit, kulit buatan, plastik, karet, kain maupun kayu, seperti sepatu laki -laki dewasa, sepatu perempuan dewasa, sepatu anak, sepatu olahraga, sepatu sandal, sandal, selop, dan sepatu kesehatan.",G,"https://www.bps.go.id (Katalog BPS 1302017, ISBN 978-602-438-530-9, Peraturan BPS No. 7 Tahun 2025 - Klasifikasi Baku Lapangan Usaha Indonesia (KBLI) 2025)"
47713,Perdagangan Eceran Perlengkapan Pakaian,"Kelompok ini mencakup perdagangan eceran khusus perlengkapan pakaian, seperti selendang, kerudung, sapu tangan, ikat kepala, blangkon, peci, topi, dasi, ikat pinggang, cadar, sarung tangan, kaos kaki, handuk, dan selimut, termasuk juga perdagangan eceran k ancing baju, ritsleting, dan benang jahit.",G,"https://www.bps.go.id (Katalog BPS 1302017, ISBN 978-602-438-530-9, Peraturan BPS No. 7 Tahun 2025 - Klasifikasi Baku Lapangan Usaha Indonesia (KBLI) 2025)"
47714,"Perdagangan Eceran Tas, Dompet, Koper, Ransel, dan Sejenisnya","Kelompok ini mencakup perdagangan eceran khusus tas, dompet, koper, ransel, dan sejenisnya baik terbuat dari kulit, tiruan kulit, tekstil, plastik ,karet, dan bahan lainnya, seperti tas tangan, tas belanja, tas sekolah, tas surat, tas olahraga, dompet, kotak rias, sarung pedang/pisau, tempat kamera, tempat kaca mata, dan kotak pensil, termasuk perdagangan eceran payung.",G,"https://www.bps.go.id (Katalog BPS 1302017, ISBN 978-602-438-530-9, Peraturan BPS No. 7 Tahun 2025 - Klasifikasi Baku Lapangan Usaha Indonesia (KBLI) 2025)"
47721,Perdagangan Eceran Sediaan Farmasi untuk Manusia di Apotek,"Kelompok ini mencakup perdagangan eceran berbagai bentuk sediaan farmasi untuk manusia di apotek, misalnya dalam bentuk tablet, kapsul, salep, bubuk, larutan, larutan parenteral dan suspensi, seperti obat-obat untuk penyakit kulit, mata, gigi, telinga, sal uran pernapasan, saluran pencernaan, darah tinggi, kelainan hormon dan vitamin -vitamin serta suplemen kesehatan, termasuk juga barang keperluan kesehatan dari karet, antara lain kondom, alat sedot susu ibu, dot susu, kantong darah, sarung tangan untuk pembedahan, pipet karet, alat keluarga berencana dan sumbat karet untuk botol kecil (vial) farmasi.",G,"https://www.bps.go.id (Katalog BPS 1302017, ISBN 978-602-438-530-9, Peraturan BPS No. 7 Tahun 2025 - Klasifikasi Baku Lapangan Usaha Indonesia (KBLI) 2025)"
47722,Perdagangan Eceran Sediaan Farmasi untuk Manusia Selain di Apotek,"Kelompok ini mencakup perdagangan eceran sediaan farmasi untuk manusia selain di apotek, misalnya dalam bentuk tablet, kapsul, salep, larutan, larutan parenteral dan suspensi, seperti obat -obatan untuk penyakit kulit, mata, gigi, telinga, saluran pernapasa n, saluran pencernaan, darah tinggi, kelainan hormon dan vitamin -vitamin serta suplemen kesehatan. Sebagai contoh, kegiatan ini dapat dilakukan di toko obat, apotek desa tipe B, dan penjualan obat di pasar, termasuk penjualan obat secara keliling dan melalui internet.",G,"https://www.bps.go.id (Katalog BPS 1302017, ISBN 978-602-438-530-9, Peraturan BPS No. 7 Tahun 2025 - Klasifikasi Baku Lapangan Usaha Indonesia (KBLI) 2025)"
47723,Perdagangan Eceran Obat Bahan Alam untuk Manusia,"Kelompok ini mencakup perdagangan eceran berbagai macam obat bahan alam, meliputi jamu, obat herbal terstandar (OHT), fitofarmaka, dan obat bahan alam lainnya untuk manusia yang bahannya antara lain berasal dari tumbuh-tumbuhan, hewan atau mineral misalnya yang berbentuk pil, kapsul, bubuk/serbuk dan bentuk cair, serta suplemen kesehatan dan obat kuasi.",G,"https://www.bps.go.id (Katalog BPS 1302017, ISBN 978-602-438-530-9, Peraturan BPS No. 7 Tahun 2025 - Klasifikasi Baku Lapangan Usaha Indonesia (KBLI) 2025)"
47724,Perdagangan Eceran Kosmetik untuk Manusia,"Kelompok ini mencakup perdagangan eceran kosmetik untuk manusia, seperti - perdagangan eceran kosmetik untuk tata rias muka ( eye shadow, maskara, krim wajah, lipstik, lipliner); - perdagangan eceran wangi-wangian (cologne, toilet water, parfum); - perdagangan eceran kosmetik untuk rambut (sampo, tonik rambut, minyak rambut); - perdagangan eceran kosmetik untuk kuku ( base coat , kuteks kuku/nail polish, nail cream, cuticle remover); preparat perawat kulit (baby oil, cleansing lotion, masker, krim kaki); - perdagangan eceran kosmetik untuk kebersihan badan (deodoran semprot, deodoran krim, douches); - perdagangan eceran untuk cukur (sabun cukur, shaving cream); - perdagangan eceran kosmetik tradisional (bedak, mangir, lulur); - perdagangan eceran kosmetik lainnya, misalnya bedak badan, kapas kecantikan, dan bedak bayi. Contohnya toko kosmetik.",G,"https://www.bps.go.id (Katalog BPS 1302017, ISBN 978-602-438-530-9, Peraturan BPS No. 7 Tahun 2025 - Klasifikasi Baku Lapangan Usaha Indonesia (KBLI) 2025)"
47725,Perdagangan Eceran Alat Kesehatan untuk Manusia,"Kelompok ini mencakup perdagangan eceran alat kesehatan untuk manusia, seperti termometer, pengukur tekanan darah, alat bantu dengar, prostesis ortopedi, dan penyangga leher.",G,"https://www.bps.go.id (Katalog BPS 1302017, ISBN 978-602-438-530-9, Peraturan BPS No. 7 Tahun 2025 - Klasifikasi Baku Lapangan Usaha Indonesia (KBLI) 2025)"
47726,Perdagangan Eceran Obat Farmasi untuk Hewan,"Kelompok ini mencakup perdagangan eceran obat farmasi untuk hewan, misalnya dalam serbuk, tablet, kapsul, salep, bubuk, larutan, suspensi, dan aerosol. Kelompok ini juga mencakup perdagangan eceran obat untuk ikan.",G,"https://www.bps.go.id (Katalog BPS 1302017, ISBN 978-602-438-530-9, Peraturan BPS No. 7 Tahun 2025 - Klasifikasi Baku Lapangan Usaha Indonesia (KBLI) 2025)"
47727,Perdagangan Eceran Obat Tradisional untuk Hewan,Kelompok ini mencakup perdagangan eceran berbagai macam obat tradisional atau obat alami untuk hewan.,G,"https://www.bps.go.id (Katalog BPS 1302017, ISBN 978-602-438-530-9, Peraturan BPS No. 7 Tahun 2025 - Klasifikasi Baku Lapangan Usaha Indonesia (KBLI) 2025)"
47728,Perdagangan Eceran Kosmetik untuk Hewan,"Kelompok ini mencakup kegiatan perdagangan eceran kosmetik untuk hewan, seperti parfum, sampo, sabun, bedak, dan krim atau losion.",G,"https://www.bps.go.id (Katalog BPS 1302017, ISBN 978-602-438-530-9, Peraturan BPS No. 7 Tahun 2025 - Klasifikasi Baku Lapangan Usaha Indonesia (KBLI) 2025)"
47729,Perdagangan Eceran Bahan Baku Farmasi dan Alat Kesehatan Lainnya,"Kelompok ini mencakup perdagangan eceran lainnya yang belum tercakup dalam kelompok 47721 s.d. 47728, seperti bahan baku sediaan farmasi dan bahan baku obat tradisional (simplisia) untuk manusia dan hewan; dan alat kesehatan lainnya.",G,"https://www.bps.go.id (Katalog BPS 1302017, ISBN 978-602-438-530-9, Peraturan BPS No. 7 Tahun 2025 - Klasifikasi Baku Lapangan Usaha Indonesia (KBLI) 2025)"
47731,Perdagangan Eceran Alat Fotografi dan Perlengkapannya,"Kelompok ini mencakup perdagangan eceran alat fotografi dan perlengkapannya, seperti kamera foto, kamera sinematografi, proyektor sinematografi, pesawat rekam suara, pesawat reproduksi suara proyektor gambar, over head projector, aparat cahaya kilat fotografi, frame kamera, camera bodies, serta perlengkapan proyektor gambar dan cassete film transfer.",G,"https://www.bps.go.id (Katalog BPS 1302017, ISBN 978-602-438-530-9, Peraturan BPS No. 7 Tahun 2025 - Klasifikasi Baku Lapangan Usaha Indonesia (KBLI) 2025)"
47732,Perdagangan Eceran Alat Optik dan Perlengkapannya,"Kelompok ini mencakup perdagangan eceran alat optik dan perlengkapannya, seperti kaca mata pengelas, teropong monokuler, teropong binokuler, kaca pembesar, kaca pengintip, strereoskop, dan mikroskop.",G,"https://www.bps.go.id (Katalog BPS 1302017, ISBN 978-602-438-530-9, Peraturan BPS No. 7 Tahun 2025 - Klasifikasi Baku Lapangan Usaha Indonesia (KBLI) 2025)"
47733,Perdagangan Eceran Kacamata,"Kelompok ini mencakup perdagangan eceran berbagai macam kacamata, seperti kacamata pembantu penglihatan, kacamata peredam sinar matahari/cahaya, lensa kontak (contact lens, soft lens) dan bingkai/frame kacamata. Kelompok ini juga mencakup kegiatan ahli optik yang menjual kacamata.",G,"https://www.bps.go.id (Katalog BPS 1302017, ISBN 978-602-438-530-9, Peraturan BPS No. 7 Tahun 2025 - Klasifikasi Baku Lapangan Usaha Indonesia (KBLI) 2025)"
47734,Perdagangan Eceran Jam,"Kelompok ini mencakup perdagangan eceran berbagai jenis jam, seperti arloji tangan, arloji saku, jam dinding, jam beker, dan lonceng, termasuk perdagangan eceran bagian dari arloji dan jam.",G,"https://www.bps.go.id (Katalog BPS 1302017, ISBN 978-602-438-530-9, Peraturan BPS No. 7 Tahun 2025 - Klasifikasi Baku Lapangan Usaha Indonesia (KBLI) 2025)"
47735,Perdagangan Eceran Barang Perhiasan,"Kelompok ini mencakup perdagangan eceran barang perhiasan, baik terbuat dari batu mulia, berlian, intan, batu aji, serbuk dan bubuk intan, batu permata, batu permata tiruan, logam mulia maupun bukan logam mulia, seperti cincin, kalung, gelang, giwang (anting-anting), tusuk konde peniti, bros, ikat pinggang, dan kancing dari logam mulia (platina, emas, dan perak).",G,"https://www.bps.go.id (Katalog BPS 1302017, ISBN 978-602-438-530-9, Peraturan BPS No. 7 Tahun 2025 - Klasifikasi Baku Lapangan Usaha Indonesia (KBLI) 2025)"
47741,Perdagangan Eceran Perlengkapan Rumah Tangga Bekas,"Kelompok ini mencakup perdagangan eceran perlengkapan rumah tangga bekas, seperti meja bekas, kursi bekas, lemari bekas, tempat tidur bekas, bufet bekas dan perangkat untuk makan dan minum bekas. Perdagangan eceran mobil dan sepeda motor bekas dimasukkan d alam kelompok 47812 dan 47832.",G,"https://www.bps.go.id (Katalog BPS 1302017, ISBN 978-602-438-530-9, Peraturan BPS No. 7 Tahun 2025 - Klasifikasi Baku Lapangan Usaha Indonesia (KBLI) 2025)"
47742,"Perdagangan Eceran Pakaian, Alas Kaki, dan Perlengkapan Pakaian Bekas","Kelompok ini mencakup perdagangan eceran pakaian, alas kaki dan pelengkap pakaian bekas, seperti baju bekas, celana bekas, mantel bekas, sepatu bekas, selendang bekas, dan topi bekas.",G,"https://www.bps.go.id (Katalog BPS 1302017, ISBN 978-602-438-530-9, Peraturan BPS No. 7 Tahun 2025 - Klasifikasi Baku Lapangan Usaha Indonesia (KBLI) 2025)"
47743,Perdagangan Eceran Barang Perlengkapan Pribadi Bekas,"Kelompok ini mencakup perdagangan eceran barang perlengkapan pribadi bekas, seperti jam tangan bekas, jam dinding bekas, dan barang perhiasan bekas.",G,"https://www.bps.go.id (Katalog BPS 1302017, ISBN 978-602-438-530-9, Peraturan BPS No. 7 Tahun 2025 - Klasifikasi Baku Lapangan Usaha Indonesia (KBLI) 2025)"
47744,Perdagangan Eceran Barang Listrik dan Elektronik Bekas,"Kelompok ini mencakup perdagangan eceran barang listrik dan elektronik bekas, seperti radio bekas, tape recorder bekas, televisi bekas, mesin cuci bekas, setrika listrik bekas, dan pengering/pengeriting rambut bekas.",G,"https://www.bps.go.id (Katalog BPS 1302017, ISBN 978-602-438-530-9, Peraturan BPS No. 7 Tahun 2025 - Klasifikasi Baku Lapangan Usaha Indonesia (KBLI) 2025)"
47745,Perdagangan Eceran Bahan Konstruksi dan Saniter Bekas,"Kelompok ini mencakup perdagangan eceran bahan konstruksi dan saniter bekas, seperti wastafel bekas, kloset bekas, dan bak air bekas.",G,"https://www.bps.go.id (Katalog BPS 1302017, ISBN 978-602-438-530-9, Peraturan BPS No. 7 Tahun 2025 - Klasifikasi Baku Lapangan Usaha Indonesia (KBLI) 2025)"
47746,Perdagangan Eceran Barang Antik,"Kelompok ini mencakup perdagangan eceran barang -barang antik, seperti guci bekas, bokor bekas, lampu gantung bekas, dan meja/kursi marmer bekas.",G,"https://www.bps.go.id (Katalog BPS 1302017, ISBN 978-602-438-530-9, Peraturan BPS No. 7 Tahun 2025 - Klasifikasi Baku Lapangan Usaha Indonesia (KBLI) 2025)"
47749,Perdagangan Eceran Barang Bekas Lainnya,Kelompok ini mencakup perdagangan eceran barang bekas lainnya yang belum tercakup dalam kelompok 47741 s.d. 47746.,G,"https://www.bps.go.id (Katalog BPS 1302017, ISBN 978-602-438-530-9, Peraturan BPS No. 7 Tahun 2025 - Klasifikasi Baku Lapangan Usaha Indonesia (KBLI) 2025)"
47751,Perdagangan Eceran Hewan Kesayangan (pet Animals),"Kelompok ini mencakup kegiatan perdagangan eceran hewan kesayangan, seperti kucing, anjing, ular, kelinci, biawak, dan lain-lain.",G,"https://www.bps.go.id (Katalog BPS 1302017, ISBN 978-602-438-530-9, Peraturan BPS No. 7 Tahun 2025 - Klasifikasi Baku Lapangan Usaha Indonesia (KBLI) 2025)"
47752,Perdagangan Eceran Hewan Ternak dan Bibit Hewan,"Kelompok ini mencakup kegiatan perdagangan eceran hewan ternak dan bibit hewan, seperti sapi, kambing, dan unggas beserta bibitnya.",G,"https://www.bps.go.id (Katalog BPS 1302017, ISBN 978-602-438-530-9, Peraturan BPS No. 7 Tahun 2025 - Klasifikasi Baku Lapangan Usaha Indonesia (KBLI) 2025)"
47753,Perdagangan Eceran Ikan dan Biota Air Hidup Lainnya,"Kelompok ini mencakup kegiatan perdagangan eceran ikan dan biota air hidup lainnya yang bukan untuk dikonsumsi, seperti ikan hias, kerang mutiara, bunga karang, nener (benih bandeng), benur (benih udang), benih ikan, dan benih bening lobster (BBL). Perdagangan ikan olahan dari perikanan masuk di kelompok 47245.",G,"https://www.bps.go.id (Katalog BPS 1302017, ISBN 978-602-438-530-9, Peraturan BPS No. 7 Tahun 2025 - Klasifikasi Baku Lapangan Usaha Indonesia (KBLI) 2025)"
47754,Perdagangan Eceran Pakan Ternak/unggas/ikan dan Hewan Kesayangan,"Kelompok ini mencakup kegiatan perdagangan eceran pakan ternak/unggas/ikan dan makanan hewan kesayangan, seperti ransum pakan ternak/unggas/ikan, konsentrat pakan ternak/unggas/ikan, tepung tulang, tepung darah, dan tepung kerang.",G,"https://www.bps.go.id (Katalog BPS 1302017, ISBN 978-602-438-530-9, Peraturan BPS No. 7 Tahun 2025 - Klasifikasi Baku Lapangan Usaha Indonesia (KBLI) 2025)"
47761,Perdagangan Eceran Bunga Potong/florist,Kelompok ini mencakup kegiatan perdagangan eceran bunga potong/florist.,G,"https://www.bps.go.id (Katalog BPS 1302017, ISBN 978-602-438-530-9, Peraturan BPS No. 7 Tahun 2025 - Klasifikasi Baku Lapangan Usaha Indonesia (KBLI) 2025)"
47762,Perdagangan Eceran Tanaman dan Bibit Tanaman Selain Tanaman Kehutanan,"Kelompok ini mencakup kegiatan perdagangan eceran tanaman dan biji benih/bibit tanaman; perdagangan eceran tanaman obat dan tanaman hias, seperti anggrek, mawar, melati, sedap malam, tanaman hias air, dan bibit tanaman hias/obat. Kelompok ini tidak mencakup perdagangan benih tanaman kehutanan, lihat kelompok 47765.",G,"https://www.bps.go.id (Katalog BPS 1302017, ISBN 978-602-438-530-9, Peraturan BPS No. 7 Tahun 2025 - Klasifikasi Baku Lapangan Usaha Indonesia (KBLI) 2025)"
47763,Perdagangan Eceran Pupuk dan Pemberantas Hama,"Kelompok ini mencakup kegiatan perdagangan eceran khusus berbagai macam pupuk dan pemberantas hama, seperti pupuk buatan tunggal (urea, ZA, TSP, DSP), pupuk buatan majemuk dan campuran (mono amonium fosfat, diamonium fosfat, nitrogen fosfat kalium), pupuk alam (pupuk kompos, pupuk dolomit, pupuk kapur), insektisida, fungisida, rodentisida, herbisida, nematisida, dan akarisida.",G,"https://www.bps.go.id (Katalog BPS 1302017, ISBN 978-602-438-530-9, Peraturan BPS No. 7 Tahun 2025 - Klasifikasi Baku Lapangan Usaha Indonesia (KBLI) 2025)"
47764,Perdagangan Eceran Perlengkapan dan Media Tanaman Hias,"Kelompok ini mencakup perdagangan eceran perlengkapan tanaman hias, seperti pot dan media tanam.",G,"https://www.bps.go.id (Katalog BPS 1302017, ISBN 978-602-438-530-9, Peraturan BPS No. 7 Tahun 2025 - Klasifikasi Baku Lapangan Usaha Indonesia (KBLI) 2025)"
47765,Perdagangan Eceran Tanaman dan Bibit Tanaman Kehutanan,Kelompok ini mencakup kegiatan perdagangan eceran tanaman dan biji benih/bibit tanaman kehutanan dan bagian tanaman kehutanan.,G,"https://www.bps.go.id (Katalog BPS 1302017, ISBN 978-602-438-530-9, Peraturan BPS No. 7 Tahun 2025 - Klasifikasi Baku Lapangan Usaha Indonesia (KBLI) 2025)"
47771,Perdagangan Eceran Minyak Tanah,Kelompok ini mencakup kegiatan perdagangan eceran minyak tanah.,G,"https://www.bps.go.id (Katalog BPS 1302017, ISBN 978-602-438-530-9, Peraturan BPS No. 7 Tahun 2025 - Klasifikasi Baku Lapangan Usaha Indonesia (KBLI) 2025)"
47772,Perdagangan Eceran Gas Tabung Lpg,Kelompok ini mencakup kegiatan perdagangan eceran gas minyak cair (LPG) dalam tabung untuk memasak.,G,"https://www.bps.go.id (Katalog BPS 1302017, ISBN 978-602-438-530-9, Peraturan BPS No. 7 Tahun 2025 - Klasifikasi Baku Lapangan Usaha Indonesia (KBLI) 2025)"
47773,Perdagangan Eceran Bahan Kimia,"Kelompok ini mencakup perdagangan eceran khusus bahan kimia, seperti soda kaustik, soda abu, soda kue, amonia, bahan pewarna, dan bahan pengawet.",G,"https://www.bps.go.id (Katalog BPS 1302017, ISBN 978-602-438-530-9, Peraturan BPS No. 7 Tahun 2025 - Klasifikasi Baku Lapangan Usaha Indonesia (KBLI) 2025)"
47774,Perdagangan Eceran Aromatik/penyegar (minyak Asiri),"Kelompok ini mencakup perdagangan eceran khusus aromatik/penyegar minyak asiri, seperti minyak kenanga, minyak sereh, minyak kayu putih, minyak cendana, minyak lawang, minyak tengkawang, minyak gandapura, minyak jarak, minyak kapulaga, minyak pala, minyak delas, dan minyak akar wangi.",G,"https://www.bps.go.id (Katalog BPS 1302017, ISBN 978-602-438-530-9, Peraturan BPS No. 7 Tahun 2025 - Klasifikasi Baku Lapangan Usaha Indonesia (KBLI) 2025)"
47779,"Perdagangan Eceran Bahan Kimia, Aromatik/penyegar (minyak Asiri), dan Bahan Bakar Selain Bahan Bakar untuk Kendaraan Bermotor Lainnya","Kelompok ini mencakup kegiatan perdagangan eceran lainnya yang tidak tercakup dalam kelompok 47771 s.d. 47774, seperti gelatin, bahan isolasi panas selain plastik dan karet, bahan semir, kapur barus, dan kayu bakar.",G,"https://www.bps.go.id (Katalog BPS 1302017, ISBN 978-602-438-530-9, Peraturan BPS No. 7 Tahun 2025 - Klasifikasi Baku Lapangan Usaha Indonesia (KBLI) 2025)"
47781,"Perdagangan Eceran Cendera Mata, Kerajinan, dan Barang - Barang Keagamaan","Kelompok ini mencakup perdagangan eceran cendera mata, barang kerajinan, dan barang -barang keagamaan dari berbagai bahan, seperti patung, topeng, relief, ukiran nama, wayang, pigura, kap lampu, bingkai, talam/baki, tas, keranjang, tikar, topi/tudung, kerai , hiasan dinding, keset, kipas dari kulit penyu, karangan bunga dari kulit kerang, pipa rokok dari tulang, pajangan tanduk, vas bunga, tempat lilin, piala, medali, gantungan kunci, asbak, tempat sirih, celengan, dan pot bunga, termasuk kegiatan galeri seni yang menjual barang kerajinan tersebut.",G,"https://www.bps.go.id (Katalog BPS 1302017, ISBN 978-602-438-530-9, Peraturan BPS No. 7 Tahun 2025 - Klasifikasi Baku Lapangan Usaha Indonesia (KBLI) 2025)"
47782,Perdagangan Eceran Lukisan,"Kelompok ini mencakup perdagangan eceran lukisan, seperti lukisan orang, lukisan binatang dan lukisan pemandangan, termasuk kegiatan galeri seni yang menjual lukisan.",G,"https://www.bps.go.id (Katalog BPS 1302017, ISBN 978-602-438-530-9, Peraturan BPS No. 7 Tahun 2025 - Klasifikasi Baku Lapangan Usaha Indonesia (KBLI) 2025)"
47791,Perdagangan Eceran Berbagai Macam Mesin dan Perlengkapannya,"Kelompok ini mencakup perdagangan eceran mesin pertanian dan perlengkapannya, seperti traktor, mesin bajak, mesin pemupuk, mesin semai, mesin penanam, mesin penugal, mesin potong rumput, mesin penyemprot, mesin pengupas, mesin perontok, unit penggiling beras/rice milling unit, mesin perah susu, mesin jahit tangan/kaki, mesin jahit listrik, mesin obras, mesin bordir, mesin oversum, mesin pembangkit tenaga listrik/generator, mesin las, mesin giling kopi, mesin giling tepung, mesin gergaji, mesin bubut, turbin, kincir, mesin tenun, mesin rajut, dan mesin cetak serta komponen dan suku cadangnya.",G,"https://www.bps.go.id (Katalog BPS 1302017, ISBN 978-602-438-530-9, Peraturan BPS No. 7 Tahun 2025 - Klasifikasi Baku Lapangan Usaha Indonesia (KBLI) 2025)"
47792,Perdagangan Eceran Alat Transportasi Darat Tidak Bermotor dan Perlengkapannya,"Kelompok ini mencakup perdagangan eceran alat transportasi darat tidak bermotor, seperti sepeda khusus untuk orang cacat, becak, pedati, gerobak, sado, kereta dorong, serta komponen dan perlengkapannya.",G,"https://www.bps.go.id (Katalog BPS 1302017, ISBN 978-602-438-530-9, Peraturan BPS No. 7 Tahun 2025 - Klasifikasi Baku Lapangan Usaha Indonesia (KBLI) 2025)"
47793,Perdagangan Eceran Alat Transportasi Air dan Perlengkapannya,"Kelompok ini mencakup perdagangan eceran alat transportasi air (bermotor atau tidak), seperti perahu dan sampan, beserta komponen dan perlengkapannya.",G,"https://www.bps.go.id (Katalog BPS 1302017, ISBN 978-602-438-530-9, Peraturan BPS No. 7 Tahun 2025 - Klasifikasi Baku Lapangan Usaha Indonesia (KBLI) 2025)"
47794,Perdagangan Eceran Alat-alat Pertanian,"Kelompok ini mencakup perdagangan eceran alat -alat pertanian, seperti cangkul, bajak, sabit, linggis, serta alat perontok padi bukan mesin.",G,"https://www.bps.go.id (Katalog BPS 1302017, ISBN 978-602-438-530-9, Peraturan BPS No. 7 Tahun 2025 - Klasifikasi Baku Lapangan Usaha Indonesia (KBLI) 2025)"
47795,Perdagangan Eceran Perlengkapan Pengendara Kendaraan Bermotor,"Kelompok ini mencakup perdagangan eceran perlengkapan pengendara kendaraan bermotor, seperti helm, jaket, jas hujan, sarung tangan, dan masker.",G,"https://www.bps.go.id (Katalog BPS 1302017, ISBN 978-602-438-530-9, Peraturan BPS No. 7 Tahun 2025 - Klasifikasi Baku Lapangan Usaha Indonesia (KBLI) 2025)"
47796,Perdagangan Eceran Pembungkus dari Plastik,"Golongan ini mencakup perdagangan eceran barang pembungkus dari plastik, seperti plastik kiloan, plastik sampah, dan kantong plastik.",G,"https://www.bps.go.id (Katalog BPS 1302017, ISBN 978-602-438-530-9, Peraturan BPS No. 7 Tahun 2025 - Klasifikasi Baku Lapangan Usaha Indonesia (KBLI) 2025)"
47799,Perdagangan Eceran Barang Baru Lainnya Ytdl,"Kelompok ini mencakup perdagangan eceran khusus barang baru lainnya yang tidak diklasifikasikan di tempat lain, seperti kegiatan perdagangan eceran bahan pembersih, bambu, kayu cendana, getah damar, senjata, dan amunisi.",G,"https://www.bps.go.id (Katalog BPS 1302017, ISBN 978-602-438-530-9, Peraturan BPS No. 7 Tahun 2025 - Klasifikasi Baku Lapangan Usaha Indonesia (KBLI) 2025)"
47811,Perdagangan Eceran Mobil Baru,"Kelompok ini mencakup penjualan eceran mobil baru, seperti mobil penumpang dan kendaraan berkemah (misalnya karavan dan rumah motor).",G,"https://www.bps.go.id (Katalog BPS 1302017, ISBN 978-602-438-530-9, Peraturan BPS No. 7 Tahun 2025 - Klasifikasi Baku Lapangan Usaha Indonesia (KBLI) 2025)"
47812,Perdagangan Eceran Mobil Bekas,"Kelompok ini mencakup penjualan eceran mobil bekas, seperti mobil penumpang dan kendaraan berkemah (misalnya karavan dan rumah motor).",G,"https://www.bps.go.id (Katalog BPS 1302017, ISBN 978-602-438-530-9, Peraturan BPS No. 7 Tahun 2025 - Klasifikasi Baku Lapangan Usaha Indonesia (KBLI) 2025)"
47820,Perdagangan Eceran Suku Cadang dan Aksesori Mobil,"Kelompok ini mencakup - perdagangan eceran suku cadang, komponen, peralatan dan aksesori mobil, baik baru maupun bekas. Kelompok ini tidak mencakup - perdagangan eceran bahan bakar mobil, lihat subgolongan 4730; - perdagangan eceran mobil, lihat subgolongan 4781; - reparasi serta perawatan mobil dan sepeda motor, lihat golongan 953.",G,"https://www.bps.go.id (Katalog BPS 1302017, ISBN 978-602-438-530-9, Peraturan BPS No. 7 Tahun 2025 - Klasifikasi Baku Lapangan Usaha Indonesia (KBLI) 2025)"
47831,Perdagangan Eceran Sepeda Motor Baru,"Kelompok ini mencakup perdagangan eceran sepeda motor baru, termasuk motor sepeda atau moped.",G,"https://www.bps.go.id (Katalog BPS 1302017, ISBN 978-602-438-530-9, Peraturan BPS No. 7 Tahun 2025 - Klasifikasi Baku Lapangan Usaha Indonesia (KBLI) 2025)"
47832,Perdagangan Eceran Sepeda Motor Bekas,"Kelompok ini mencakup perdagangan eceran sepeda motor bekas, termasuk motor sepeda atau moped.",G,"https://www.bps.go.id (Katalog BPS 1302017, ISBN 978-602-438-530-9, Peraturan BPS No. 7 Tahun 2025 - Klasifikasi Baku Lapangan Usaha Indonesia (KBLI) 2025)"
47833,Perdagangan Eceran Suku Cadang Sepeda Motor dan Aksesorinya,"Kelompok ini mencakup perdagangan eceran suku cadang sepeda motor dan aksesorinya, baik baru maupun bekas.",G,"https://www.bps.go.id (Katalog BPS 1302017, ISBN 978-602-438-530-9, Peraturan BPS No. 7 Tahun 2025 - Klasifikasi Baku Lapangan Usaha Indonesia (KBLI) 2025)"
47901,Platform Digital Intermediasi Perdagangan Eceran,"Kelompok ini mencakup pengoperasian platform digital (misalnya situs web, aplikasi seluler) yang memfasilitasi perdagangan eceran antara penjual dan pembeli untuk pemesanan suatu barang berdasarkan imbalan atau komisi tanpa penyediaan atau mengambil kepemilikan barang yang diintermediasikan. Balas jasa atau komisi dapat diterima dari pihak penjual atau pembeli.",G,"https://www.bps.go.id (Katalog BPS 1302017, ISBN 978-602-438-530-9, Peraturan BPS No. 7 Tahun 2025 - Klasifikasi Baku Lapangan Usaha Indonesia (KBLI) 2025)"
47909,Jasa Intermediasi Perdagangan Eceran Lainnya,"Kelompok ini mencakup jasa perantaraan dalam perdagangan eceran lainnya yang belum tercakup, seperti jasa perantaraan perdagangan eceran melalui surat atau telepon; kegiatan rumah lelang barang pihak ketiga, baik barang baru maupun bekas, termasuk pelelang an melalui media daring; serta agen perdagangan eceran mobil. G PERDAGANGAN BESAR DAN ECERAN - 647 -",G,"https://www.bps.go.id (Katalog BPS 1302017, ISBN 978-602-438-530-9, Peraturan BPS No. 7 Tahun 2025 - Klasifikasi Baku Lapangan Usaha Indonesia (KBLI) 2025)"
56101,Aktivitas Penyediaan Makanan di Bangunan Tetap,"Kelompok ini mencakup aktivitas penyediaan layanan makanan kepada pelanggan yang bertempat di sebagian atau seluruh bangunan tetap/permanen, tidak bisa dibongkar pasang, tidak berpindah -pindah dan tidak dapat dipindahkan, baik yang menyediakan pelayanan di meja melalui proses memasak terlebih dahulu sesuai dengan pesanan, maupun pelanggan mengambil sendiri/diambilkan dari etalase makanan yang telah tersedia (prasmanan). Konsumsi dapat dilakukan di tempat tersebut, dibawa pulang atau diantar ke rumah. Kelompok ini mencakup pengoperasian - restoran; - rumah makan; - kantin/kafetaria; - restoran cepat saji; - restoran take-away. Kelompok ini juga mencakup - pengoperasian restoran di dalam alat transportasi (seperti kereta api, kapal pesiar, pesawat) dan dalam fasilitas transportasi (seperti bandara, stasiun), jika restoran merupakan unit terpisah dan bukan menjadi bagian dari penyedia layanan transportasi; - pengoperasian restoran dalam hotel, jika restoran merupakan unit terpisah dan bukan menjadi bagian dari hotel; - pengoperasian restoran take-away di dalam supermarket jika dioperasikan oleh unit terpisah dari supermarket; - pengoperasian restoran adiboga; - pengoperasian gerai ice cream/yoghurt.",I,"https://www.bps.go.id (Katalog BPS 1302017, ISBN 978-602-438-530-9, Peraturan BPS No. 7 Tahun 2025 - Klasifikasi Baku Lapangan Usaha Indonesia (KBLI) 2025)"
56102,Aktivitas Penyediaan Makanan di Bangunan Tidak Tetap,"Kelompok ini mencakup aktivitas penyediaan layanan makanan kepada pelanggan yang bertempat di bangunan tidak tetap/tidak permanen, baik yang memiliki kemampuan untuk berpindah -pindah dan dibongkar pasang maupun tidak, serta yang dijual secara keliling meng gunakan kendaraan bermotor/bukan, seperti warung tenda, penjual makanan keliling dengan gerobak dorong, food truck, dan stan makanan.",I,"https://www.bps.go.id (Katalog BPS 1302017, ISBN 978-602-438-530-9, Peraturan BPS No. 7 Tahun 2025 - Klasifikasi Baku Lapangan Usaha Indonesia (KBLI) 2025)"
56210,Aktivitas Jasa Boga untuk Acara Tertentu (event Catering),"Kelompok ini mencakup aktivitas penyiapan dan penyediaan makanan atas dasar kontrak perjanjian dengan pelanggan, di lokasi yang ditentukan oleh pelanggan untuk suatu acara tertentu. Kelompok ini mencakup jasa penyediaan makanan jadi (siap dikonsumsi) yang terselenggara melalui pesanan -pesanan acara kantor, perayaan, pesta, seminar, rapat, dan sejenisnya. Biasanya, makanan siap saji diantar ke tempat kerja, pesta, seminar, rapat, dan sejenisnya, berikut pramusaji yang akan melayani tamu -tamu/peserta seminar atau rapat pada saat pesta, seminar/kegiatan acara berlangsung. Kelompok ini tidak mencakup - pembuatan jenis makanan yang tidak tahan lama untuk dijual kembali, lihat kelompok 10750; - perdagangan eceran jenis makanan yang tidak tahan lama, lihat golongan 472.",I,"https://www.bps.go.id (Katalog BPS 1302017, ISBN 978-602-438-530-9, Peraturan BPS No. 7 Tahun 2025 - Klasifikasi Baku Lapangan Usaha Indonesia (KBLI) 2025)"
56290,Aktivitas Penyediaan Jasa Boga Lainnya,"Kelompok ini mencakup kegiatan yang menyediakan jasa penyedia makanan lainnya atas dasar kontrak perjanjian dengan pelanggan, untuk periode waktu tertentu, termasuk jasa katering berdasarkan perjanjian di fasilitas olahraga dan tempat lain yang sejenis. Makanan dapat disiapkan langsung di tempat klien atau di unit pusat. Kelompok ini juga mencakup - kegiatan kontraktor jasa makanan, misalnya untuk perusahaan transportasi; - jasa katering yang melayani penyediaan makanan jangka panjang di tempat pengeboran minyak, lokasi pertambangan, rumah sakit, jasa angkutan; - jasa katering berdasarkan perjanjian di fasilitas olahraga dan fasilitas sejenis; - kegiatan kantin atau kafetaria (misalnya untuk pabrik, perkantoran, rumah sakit, atau sekolah) atas dasar konsesi; - jasa katering yang melayani rumah tangga; - jasa penyediaan makanan bergizi dan penyalurannya kepada kelompok sasaran; - jasa kontraktor penyedia makanan untuk restoran/cloud kitchen. Kelompok ini tidak mencakup - pembuatan jenis makanan yang tidak tahan lama untuk dijual kembali, lihat kelompok 10750; - perdagangan eceran jenis makanan yang tidak tahan lama, lihat golongan 472.",I,"https://www.bps.go.id (Katalog BPS 1302017, ISBN 978-602-438-530-9, Peraturan BPS No. 7 Tahun 2025 - Klasifikasi Baku Lapangan Usaha Indonesia (KBLI) 2025)"
56301,Aktivitas Bar,"Kelompok ini mencakup aktivitas yang utamanya menghidangkan minuman, baik minuman beralkohol (seperti minuman keras, bir, wine, wiski) maupun minuman nonalkohol. Kelompok ini juga mencakup - beach club yang utamanya menyediakan minuman; - aktivitas bar di atas alat transportasi seperti kereta api atau kapal, ketika dilakukan oleh unit terpisah.",I,"https://www.bps.go.id (Katalog BPS 1302017, ISBN 978-602-438-530-9, Peraturan BPS No. 7 Tahun 2025 - Klasifikasi Baku Lapangan Usaha Indonesia (KBLI) 2025)"
56302,Aktivitas Kelab Malam atau Diskotek yang Utamanya Menyediakan Minuman,"Kelompok ini mencakup suatu penyediaan jasa pelayanan minum sebagai kegiatan utama, disertai dengan penyediaan tempat dan fasilitas untuk menari dengan diiringi musik hidup, atraksi pertunjukkan lampu sebagai layanan tambahan, serta pramuria.",I,"https://www.bps.go.id (Katalog BPS 1302017, ISBN 978-602-438-530-9, Peraturan BPS No. 7 Tahun 2025 - Klasifikasi Baku Lapangan Usaha Indonesia (KBLI) 2025)"
56303,Aktivitas Rumah Minum/kafe,"Kelompok ini mencakup penyediaan utamanya minuman, baik panas maupun dingin, yang dikonsumsi di tempat usahanya, bertempat di sebagian atau seluruh bangunan permanen, baik dilengkapi dengan peralatan/perlengkapan untuk proses pembuatan dan penyimpanan maupun tidak.",I,"https://www.bps.go.id (Katalog BPS 1302017, ISBN 978-602-438-530-9, Peraturan BPS No. 7 Tahun 2025 - Klasifikasi Baku Lapangan Usaha Indonesia (KBLI) 2025)"
56304,Aktivitas Kedai Minuman,"Kelompok ini mencakup penyediaan jasa pelayanan minum yang utamanya menyajikan minuman siap dikonsumsi yang melalui proses pembuatan di tempat tetap yang dapat dipindah -pindahkan atau dibongkar pasang, biasanya dengan menggunakan tenda, seperti kedai kopi dan kedai jus.",I,"https://www.bps.go.id (Katalog BPS 1302017, ISBN 978-602-438-530-9, Peraturan BPS No. 7 Tahun 2025 - Klasifikasi Baku Lapangan Usaha Indonesia (KBLI) 2025)"
56305,Aktivitas Rumah/kedai Obat Bahan Alam,"Kelompok ini mencakup jenis kegiatan yang bertempat di sebagian atau seluruh bangunan permanen yang menjual dan menyajikan minuman jamu atau obat bahan alam untuk umum di tempat usahanya, baik dilengkapi dengan peralatan/perlengkapan untuk proses pembuatan dan penyimpanan maupun tidak. Kelompok ini juga mencakup penyediaan jasa pelayanan minum yang menyajikan minuman jamu siap dikonsumsi yang melalui proses pembuatan di tempat tetap yang dapat dipindah - pindahkan atau dibongkar pasang, biasanya dengan menggunakan tenda, seperti kedai jamu.",I,"https://www.bps.go.id (Katalog BPS 1302017, ISBN 978-602-438-530-9, Peraturan BPS No. 7 Tahun 2025 - Klasifikasi Baku Lapangan Usaha Indonesia (KBLI) 2025)"
56306,Aktivitas Penyediaan Minuman Keliling/tempat Tidak Tetap,"Kelompok ini mencakup penyediaan jasa pelayanan minum yang menyajikan minuman siap dikonsumsi yang didahului dengan proses pembuatan dan biasanya dijual dengan cara berkeliling, seperti penyedia minuman es doger, penyedia minuman es cincau, dan penyedia ja mu gendong.",I,"https://www.bps.go.id (Katalog BPS 1302017, ISBN 978-602-438-530-9, Peraturan BPS No. 7 Tahun 2025 - Klasifikasi Baku Lapangan Usaha Indonesia (KBLI) 2025)"
56400,Aktivitas Jasa Intermediasi Penyediaan Makanan dan Minuman,"Kelompok ini mencakup aktivitas penyediaan jasa intermediasi makanan dan minuman yang mempertemuan klien dengan jasa penyedia makanan dan minuman berdasarkan balas jasa atau komisi, dengan penyedia jasa perantara tidak menyediakan makanan dan minuman terse but. Aktivitas intermediasi ini dapat dilakukan melalui platform digital atau melalui saluran nondigital (tatap muka, telepon, pos, dll.). Balas jasa atau komisi dapat diterima baik dari klien atau dari penyedia makanan dan minuman. Pendapatan aktivitas intermediasi juga didapatkan dari sumber pemasukan lainnya, seperti pendapatan dari iklan. Kelompok ini mencakup - jasa reservasi restoran. Kelompok ini tidak mencakup - pengoperasian platform daring yang mengizinkan orang untuk memesan layanan pengiriman makanan, lihat subgolonogan 5330.",I,"https://www.bps.go.id (Katalog BPS 1302017, ISBN 978-602-438-530-9, Peraturan BPS No. 7 Tahun 2025 - Klasifikasi Baku Lapangan Usaha Indonesia (KBLI) 2025)"
